signal,nombre,comuna,ubicacion,lat,lon,potencia,ganancia,banda,rx,tx,tono,region,otorga,vence,isEcholink,conference,isDMR,isAir,color,slot,tg,website
CE1RCD RPR-B,AGRUPACION CULTURAL RADIO CLUB CALDERA,CALDERA,CERRO MORRO BALLENA,-27.2258333333,-70.5591666667,5,6.5,VHF/FM,147.030,147.630,82.5,REGIÓN DE ATACAMA,05-06-2024,24-11-2028,,,,,,,,
CE1RCD RPT-A,AGRUPACION CULTURAL RADIO CLUB CALDERA,CALDERA,CERRO MORRO BALLENA,-27.6272222222,-70.1072222222,5,6.5,VHF/FM,146.730,146.130,82.5,REGIÓN DE ATACAMA,05-06-2024,24-11-2028,,,,,,,,
CE4SC RPT-A,AGRUPACION DE RADIOAFICIONADOS DE SANTA CRUZ,SANTA CRUZ,CERRO NERQUIHUE,-34.6375,-71.5433333333,10,4,UHF/FM,433.525,438.525,82.5,REGIÓN DEL LIBERTADOR GENERAL BERNARDO O'HIGGINS,11-02-2025,11-02-2030,,,,,,,,
CE4SC RPT-B,AGRUPACION DE RADIOAFICIONADOS DE SANTA CRUZ,SANTA CRUZ,CERRO CAÑETEN,-34.5575,-71.5294444444,10,4,VHF/FM,146.640,146.040,136.5,REGIÓN DEL LIBERTADOR GENERAL BERNARDO O'HIGGINS,13-06-2025,13-06-2030,,,,,,,,
CE6SOS RPT-A,AGRUPACION SOCIAL CULTURAL Y DEPORTIVA RADIO CLUB AMIGOS EN LA EMERGENCIA,OSORNO,LOS TINQUES 683,-40.5855555556,-73.1394444444,20,6,VHF/FM,146.650,146.050,,REGIÓN DE LOS LAGOS,31-03-2022,03-02-2027,,,,,,,,
CE6CYE RPT-A,AGRUPACION SOCIAL Y CULTURAL RADIO CLUB OSORNO,OSORNO,PILAUCO,-40.5641666667,-73.1186111111,25,6,VHF/FM,147.300,147.900,88.5,REGIÓN DE LOS LAGOS,31-01-2022,31-01-2027,,,,,,,,
CE2 RQ RPT-A,ASOCIACION CLUB DE RADIOAFICIONADOS DE EL QUISCO,EL QUISCO,3 ORIENTE ESQUINA 3 SUR,-33.4113888889,-71.6819444444,5,3,VHF/FM,146.940,146.340,67,REGIÓN DE VALPARAÍSO,07-03-2024,23-03-2027,,,,,,,,
CE7DE RPT-B,ASOCIACION CLUB DE RADIOAFICIONADOS EL TRAUKO,CASTRO,LLICALDAD,-42.4944444444,-73.8466666667,30,7,VHF/FM,146.730,146.130,107.2,REGIÓN DE LOS LAGOS,23-04-2024,16-10-2028,,,,,,,,
CE7DE RPT-A,ASOCIACION CLUB DE RADIOAFICIONADOS EL TRAUKO,DALCAHUE,TENAUN DALCAHUE,-42.3230555556,-73.3708333333,30,7,VHF/FM,147.180,147.780,107.2,REGIÓN DE LOS LAGOS,14-03-2024,16-10-2028,,,,,,,,
CE4CU RPT-A,ASOCIACIÓN RADIO CLUB PROVINCIAL CURICÓ,ROMERAL,"AVENIDA RAMÓN FREIRE 2562, LOS QUEÑES, COMUNA ROMERAL",-35.9622222222,-71.5219444444,25,7,VHF/FM,147.390,147.990,107.2,REGIÓN DEL MAULE,15-07-2025,15-07-2030,,,,,,,,
CE2RVE RPT-A,CENTRO CULTURAL RADIO CLUB PROVINCIA DE MARGA MARGA,QUILPUÉ,SAMUEL VALENCIA 50,-33.0508333333,-71.4513888889,10,6.7,VHF/FM,146.650,146.050,67,REGIÓN DE VALPARAÍSO,29-12-2023,26-04-2028,,,,,,,,
CE3CDT RPT-A,CIRCULO DE RADIAFICIONADOS ESCUELA DE TELECOMUNICACIONES,PEÑALOLÉN,AVDA. LAS PERDICES N° 700,-33.4619444444,-70.5219444444,10,7,VHF/FM,147.120,147.720,114.8,REGIÓN METROPOLITANA DE SANTIAGO,23-03-2022,23-03-2027,,,,,,,,
CE5NCR RPT-B,CIRCULO DE RADIOAFICIONADOS CORDILLERA DE NAHUELBUTA,CAÑETE,PREDIO QUELEN-QUELEN,-37.7531805556,-73.3611666667,25,6,VHF/FM,146.745,146.145,100,REGIÓN DEL BIOBÍO,03-08-2023,12-07-2028,,,,,,,,
CE5NCR RPT-A,CIRCULO DE RADIOAFICIONADOS CORDILLERA DE NAHUELBUTA,CAÑETE,AVENIDA PRESIDENTE FREI 1191,-37.7891666667,-73.3888888889,25,6,VHF/FM,146.220,146.820,100,REGIÓN DEL BIOBÍO,03-08-2023,12-07-2028,,,,,,,,
CE2RGM RPT-D,CIRCULO DE RADIOAFICIONADOS GABRIELA MISTRAL,COQUIMBO,CERRO LA VIRGEN,-29.9575805556,-71.2652222222,25,6.5,UHF/FM,433.800,438.800,88.5,REGIÓN DE COQUIMBO,11-05-2023,26-04-2028,,,,,,,,
CE2RGM RPT-A,CIRCULO DE RADIOAFICIONADOS GABRIELA MISTRAL,COQUIMBO,CERRO LA VIRGEN,-29.9909138889,-71.2652222222,40,7.5,VHF/FM,146.940,146.340,88.5,REGIÓN DE COQUIMBO,11-05-2023,26-04-2028,,,,,,,,
CE2RGM RPT-C,CIRCULO DE RADIOAFICIONADOS GABRIELA MISTRAL,PAIHUANO,QUEBRADA PAIHUANO,-30.032575,-70.4685527778,25,6.5,UHF/FM,433.475,438.475,88.5,REGIÓN DE COQUIMBO,11-05-2023,26-04-2028,,,,,,,,
CE2RGM RPT-B,CIRCULO DE RADIOAFICIONADOS GABRIELA MISTRAL,PAIHUANO,QUEBRADA PAIHUANO,-30.032575,-70.4685527778,40,7.5,VHF/FM,147.150,147.750,88.5,REGIÓN DE COQUIMBO,11-05-2023,26-04-2028,,,,,,,,
CE6CRE RPT-B,CIRCULO RED DE EMERGENCIA DE LOS RIOS,VALDIVIA,"HIJUELA 101, PARCELA 10, CASABLANCA, SECTOR CUFEO",-39.9641666667,-73.0466666667,15,3.3,VHF/FM,147.090,147.690,67,REGIÓN DE LOS RÍOS,10-07-2024,05-05-2028,,,,,,,,
CE2SYE RPT-A,CLUB DE RADIOAFICIONADOS LITORAL CENTRAL,SAN ANTONIO,"NÁPOLES 1130, VILLA DEL MAR",-33.5938888889,-71.5944444444,25,7,VHF/FM,146.610,146.010,82.5,REGIÓN DE VALPARAÍSO,23-07-2025,08-07-2030,,,,,,,,
CE6RHC RPT-A,CLUB DE RADIOAFICIONADOS RAHUE,OSORNO,"RUTA U-400, KM.4",-40.5769,-73.1131,40,8,VHF/FM,146.380,146.980,91.5,REGIÓN DE LOS LAGOS,15-09-2023,22-10-2026,,,,,,,,
CE2CQB RPT-C,COQUIMBO RADIO CLUB,COQUIMBO,CERRO MINA DE ORO,-29.9533,-71.3436,10,6,UHF/FM,433.200,438.200,,REGIÓN DE COQUIMBO,02-09-2021,10-06-2026,,,,,,,,
CE2CQB RPT-A,COQUIMBO RADIO CLUB,COQUIMBO,CERRO MINA DE ORO,-29.9533,-71.3436,20,6,VHF/FM,146.640,146.040,,REGIÓN DE COQUIMBO,02-09-2021,02-09-2026,,,,,,,,
CE2VOV RPT-B,RADIO CLUB AMIGOS DE LA COSTA VICTOR ORLANDI VEAS,VALPARAÍSO,CERRO FLORIDA,-33.0671805556,-71.6332888889,10,6,UHF/FM,433.500,438.500,91.5,REGIÓN DE VALPARAÍSO,20-04-2022,20-04-2027,,,,,,,,https://www.radioclubamigosdelacosta.cl/
CE2VOV RPT-A,RADIO CLUB AMIGOS DE LA COSTA VICTOR ORLANDI VEAS,VALPARAÍSO,CERRO FLORIDA,-33.0671805556,-71.6332888889,10,8.3,VHF/FM,146.790,146.190,91.5,REGIÓN DE VALPARAÍSO,20-04-2022,20-04-2027,,,,,,,,https://www.radioclubamigosdelacosta.cl/
CE6USM RPT-A,RADIO CLUB AMIGOS DE RADIO,ANGOL,SECTOR CERRO PELAO,-37.8323805556,-72.8149222222,15,9,VHF/FM,147.030,147.630,151.4,REGIÓN DE LA ARAUCANÍA,02-04-2025,02-04-2030,,,,,,,,
CE7UD RPT-B,RADIO CLUB ANCUD,ANCUD,SECTOR LELBUNCURA,-41.8930555556,-73.8511111111,25,6,VHF/FM,146.610,146.010,88.5,REGIÓN DE LOS LAGOS,02-04-2025,02-04-2030,,,,,,,,
CE7UD RPT-A,RADIO CLUB ANCUD,ANCUD,SECTOR LELBUNCURA,-41.8930555556,-73.8511111111,10,8,UHF/FM,433.400,438.400,67,REGIÓN DE LOS LAGOS,02-04-2025,02-04-2030,,,,,,,,
CE5RCU RPT-C,RADIO CLUB CAÑETE,CAÑETE,HUILLINCO S/N,-37.7531944444,-73.3616611111,10,6,UHF/FM,433.450,438.450,88.5,REGIÓN DEL BIOBÍO,06-03-2024,14-02-2028,,,,,,,,
CE5RCU RPT-A,RADIO CLUB CAÑETE,CAÑETE,PREDIO QUELÉN - QUELÉN,-37.7531805556,-73.3611666667,25,6,VHF/FM,147.900,147.300,,REGIÓN DEL BIOBÍO,16-05-2022,16-05-2027,,,,,,,,
CE5RCU RPT-A,RADIO CLUB CAÑETE,CAÑETE,SAAVEDRA 629,-37.7240444444,-73.2165972222,45,6,VHF/FM,147.300,147.900,88.5,REGIÓN DEL BIOBÍO,07-06-2023,14-02-2028,,,,,,,,
CE5RCU RPT-B,RADIO CLUB CAÑETE,CAÑETE,HUILLINCO S/N,-37.7531944444,-73.3616611111,45,6,VHF/FM,146.610,146.010,88.5,REGIÓN DEL BIOBÍO,06-03-2024,14-02-2028,,,,,,,,
CE3ETE RPT-B,RADIO CLUB CARABINEROS,CURACAVÍ,CERRO BUSTAMANTE,-33.4038888889,-70.9525,10,9,UHF/FM,433.100,438.100,82.5,REGIÓN METROPOLITANA DE SANTIAGO,11-05-2023,16-12-2027,,,,,,,,https://www.ce3ete.cl/
CE3ETE RPT-A,RADIO CLUB CARABINEROS,CURACAVÍ,CERRO BUSTAMANTE,-33.4038888889,-70.9525,10,9,VHF/FM,146.910,146.310,82.5,REGIÓN METROPOLITANA DE SANTIAGO,11-05-2023,16-12-2027,,,,,,,,https://www.ce3ete.cl/
CE6RB  RPT-A,RADIO CLUB CASABLANCA,VALDIVIA,"RUTA T-520 KM 4,5, CAMINO PUBLICO LOS PELLINES, SECTOR CASABLANCA",-39.96435,-73.046575,15,10,VHF/FM,147.030,147.630,67,REGIÓN DE LOS RÍOS,20-11-2024,20-11-2029,,,,,,,,
CE1CA RPT-A,RADIO CLUB CAVANCHA DE IQUIQUE,ALTO HOSPICIO,CERRO TARAPACÁ,-20.3486111111,-70.1147222222,25,7,VHF/FM,146.820,146.220,203.5,REGIÓN DE TARAPACÁ,29-08-2023,29-08-2028,,,,,,,,https://www.ce1rkv.cl/
CE1CA RPT-B,RADIO CLUB CAVANCHA DE IQUIQUE,IQUIQUE,CERRO CARRASCO,-20.925,-70.0736111111,25,7,VHF/FM,147.390,147.990,203.5,REGIÓN DE TARAPACÁ,29-08-2023,29-08-2028,,,,,,,,https://www.ce1rkv.cl/
CE1CA RPT-C,RADIO CLUB CAVANCHA DE IQUIQUE,HUARA,CERRO MAMIÑA,-19.65,-69.1833333333,25,7,VHF/FM,147.390,147.990,203.5,REGIÓN DE TARAPACÁ,07-09-2023,29-08-2028,,,,,,,,https://www.ce1rkv.cl/
CE3RRM RPT-A,RADIO CLUB COLINA,COLINA,CERRO TRES OREJAS LOCALIDAD QUILAPILUN,-33.0765027778,-70.6737,10,3,VHF/FM,146.730,146.130,71.9,REGIÓN METROPOLITANA DE SANTIAGO,20-08-2021,04-03-2026,,,,,,,,
CE3RRM RPT-B,RADIO CLUB COLINA,COLINA,"CERRO TRES OREJAS, QUILAPILUN ALTO",-33.0780555556,-70.6736111111,10,5,UHF/FM,433.175,438.175,71.9,REGIÓN METROPOLITANA DE SANTIAGO,20-07-2021,20-07-2026,,,,,,,,
CE5REN RPT-A,RADIO CLUB CONDORES ANDINOS,LOS ÁNGELES,"EDIFICIO GOBERNACIÓN, CAUPOLICÁN N° 400",-37.7513888889,-72.5897222222,20,7,VHF/FM,147.375,147.975,141.3,REGIÓN DEL BIOBÍO,03-02-2022,16-12-2026,,,,,,,,
CE4CC RPT-A,RADIO CLUB CONSTITUCION,CONSTITUCIÓN,SECTOR PANGALILLO KM 3,-35.3566666667,-72.4080555556,10,4,UHF/FM,434.575,439.575,123,REGIÓN DEL MAULE,07-11-2024,07-11-2029,,,,,,,,
CE4CC RPT-B,RADIO CLUB CONSTITUCION,CONSTITUCIÓN,CERRO MUTRUN,-35.3227777778,-72.4125,25,6,VHF/FM,146.910,146.310,123,REGIÓN DEL MAULE,06-03-2025,06-03-2030,,,,,,,,
CE5CO RPT-A,RADIO CLUB CORONEL,CORONEL,CERRO ESCUADRÓN,-36.9555555556,-73.1208333333,25,7,VHF/FM,146.685,146.085,51,REGIÓN DEL BIOBÍO,05-05-2023,30-03-2028,,,,,,,,
CE5CO RPT-B,RADIO CLUB CORONEL,CORONEL,CERRO QUETRA,-37.0577777778,-73.0933333333,25,7,VHF/FM,146.020,146.620,51,REGIÓN DEL BIOBÍO,02-06-2023,30-03-2028,,,,,,,,
CE3AA RPT-K,RADIO CLUB DE CHILE,MAIPÚ,CERRO LO AGUIRRE,-33.4636111111,-70.8329166667,10,6,UHF/FM,433.275,438.275,123,REGIÓN METROPOLITANA DE SANTIAGO,04-10-2024,04-10-2029,,,,,,,,https://www.ce3aa.cl/
CE3AA RPT-F,RADIO CLUB DE CHILE,LAMPA,CERRO CHICAUMA,-33.1841666667,-70.9772222222,10,6,UHF/FM,433.375,438.375,123,REGIÓN METROPOLITANA DE SANTIAGO,23-09-2022,23-09-2027,,,,,,,,https://www.ce3aa.cl/
CE3AA RPT-G,RADIO CLUB DE CHILE,LAMPA,BRIDGE,-33.1841666667,-70.9772222222,10,6,VHF/FM,224.380,222.780,123,REGIÓN METROPOLITANA DE SANTIAGO,23-09-2022,23-09-2027,,,,,,,,https://www.ce3aa.cl/
CE3AA,RADIO CLUB DE CHILE,LAMPA,CERRO CHICAUMA,-33.1841666667,-70.9772222222,10,6,VHF/FM,147.360,147.960,123,REGIÓN METROPOLITANA DE SANTIAGO,,,,,,,,,,https://www.ce3aa.cl/
CE3AA RPT-DMR,RADIO CLUB DE CHILE — DMR Chicauma,LAMPA,CERRO CHICAUMA,-33.1841666667,-70.9772222222,10,6,VHF/DMR,146.640,146.040,,REGIÓN METROPOLITANA DE SANTIAGO,,,,,1,,1,,,https://www.ce3aa.cl/
CE2AA RPT-L,RADIO CLUB DE CHILE,LAMPA,CERRO CHICAUMA,-33.1841666667,-70.9772222222,10,6,UHF/FM,433.750,438.750,123,REGIÓN METROPOLITANA DE SANTIAGO,04-10-2024,04-10-2029,,,,,,,,https://www.ce3aa.cl/
CE5JA RPT-B,RADIO CLUB DE CONCEPCION,TALCAHUANO,R.B. NAVAL DE TALCAHUANO,-36.6916666667,-73.1086111111,25,8,VHF/FM,147.000,146.400,186.2,REGIÓN DEL BIOBÍO,17-09-2025,17-09-2030,,,,,,,,https://www.ce5ja.cl
CE5JA RPT-C,RADIO CLUB DE CONCEPCION,TALCAHUANO,PENINSULA DE TUMBES,-36.7030555556,-73.12,25,8,VHF/FM,146.850,146.250,192.8,REGIÓN DEL BIOBÍO,17-09-2025,17-09-2030,,,,,,,,https://www.ce5ja.cl
CE6RLA RPT-B,RADIO CLUB DE LA ARAUCANIA,PADRE LAS CASAS,CERRO HUENCHULEO,-38.7958333333,-72.5472222222,10,7,UHF/FM,433.400,438.400,123,REGIÓN DE LA ARAUCANÍA,31-08-2021,31-08-2026,,,,,,,,https://radioclubdelaaraucania.cl/
CE6RLA RPT-C,RADIO CLUB DE LA ARAUCANIA,PUCÓN,CAMINO SUBIDA AL VOLCAN VILLARRICA,-39.3916666667,-71.9605555556,10,6,VHF/FM,147.000,146.400,123,REGIÓN DE LA ARAUCANÍA,31-08-2021,31-08-2026,,,,,,,,https://radioclubdelaaraucania.cl/
CE6RLA RPT-D,RADIO CLUB DE LA ARAUCANIA,PADRE LAS CASAS,"CERRO HUENCHULEO, SECTOR TRUF TRUF A 6 KMS AL S/E DE TEMUCO",-38.7958333333,-72.5472222222,50,6,VHF/FM,146.730,146.130,123,REGIÓN DE LA ARAUCANÍA,03-02-2022,20-05-2026,,,,,,,,https://radioclubdelaaraucania.cl/
CE6RLA RPT-A,RADIO CLUB DE LA ARAUCANIA,PADRE LAS CASAS,CERRO HUENCHULEO,-38.7958333333,-72.5472222222,25,6,VHF/FM,146.670,146.070,123,REGIÓN DE LA ARAUCANÍA,31-08-2021,31-08-2026,,,,,,,,https://radioclubdelaaraucania.cl/
CE2LS RPT-J,RADIO CLUB DE LA SERENA,LA SERENA,CERRO GRANDE,-29.9388888889,-71.2233333333,20,7,UHF/FM,434.000,439.000,100,REGIÓN DE COQUIMBO,18-07-2024,18-07-2029,,,,,,,,https://www.ce2ls.cl/
CE2LS RPT-C,RADIO CLUB DE LA SERENA,ANDACOLLO,CERRO EL TORO,-30.2522222222,-71.1394444444,25,7,VHF/FM,147.000,146.400,100,REGIÓN DE COQUIMBO,18-07-2024,18-07-2029,,,,,,,,https://www.ce2ls.cl/
CE2LS RPT-D,RADIO CLUB DE LA SERENA,COQUIMBO,CERRO MINA DE ORO,-30.045,-71.3383333333,15,7,VHF/FM,146.610,146.010,100,REGIÓN DE COQUIMBO,18-07-2024,18-07-2029,,,,,,,,https://www.ce2ls.cl/
CE2LS RPT-I,RADIO CLUB DE LA SERENA,COQUIMBO,CERRO TOTORALILLO,-30.0472222222,-71.3575,25,7,VHF/FM,146.820,146.220,100,REGIÓN DE COQUIMBO,18-07-2024,18-07-2029,,,,,,,,https://www.ce2ls.cl/
CE2LS RPT-G,RADIO CLUB DE LA SERENA,DIEGO DE ALMAGRO,CERRO EL SALADO,-26.3822222222,-70.2822222222,25,7,VHF/FM,147.270,147.870,100,REGIÓN DE ATACAMA,18-07-2024,18-07-2029,,,,,,,,https://www.ce2ls.cl/
CE2LS RPT-H,RADIO CLUB DE LA SERENA,LOS VILOS,LOS VILOS,-31.9113888889,-71.4958333333,25,7,VHF/FM,146.910,146.310,100,REGIÓN DE COQUIMBO,18-07-2024,18-07-2029,,,,,,,,https://www.ce2ls.cl/
CE2LS RPT-F,RADIO CLUB DE LA SERENA,VALLENAR,OBSERVATORIO LAS CAMPANAS,-29.0069444444,-70.7047222222,25,7,VHF/FM,146.670,146.070,100,REGIÓN DE ATACAMA,18-07-2024,18-07-2029,,,,,,,,https://www.ce2ls.cl/
CE2LS RPT-E,RADIO CLUB DE LA SERENA,CANELA,CERRO CATAUHECHE,-31.2880555556,-71.3827777778,25,7,VHF/FM,146.850,146.250,100,REGIÓN DE COQUIMBO,18-07-2024,18-07-2029,,,,,,,,https://www.ce2ls.cl/
CE2LS RPT-B,RADIO CLUB DE LA SERENA,LA HIGUERA,CERRO EL CARBON,-29.5336111111,-71.1427777778,25,7,VHF/FM,147.390,147.990,100,REGIÓN DE COQUIMBO,18-07-2024,18-07-2029,,,,,,,,https://www.ce2ls.cl/
CE2LS RPT-A,RADIO CLUB DE LA SERENA,PAIHUANO,CERRO LAS MOLLACAS,-30.035,-70.5636111111,25,7,VHF/FM,147.030,147.630,100,REGIÓN DE COQUIMBO,18-07-2024,18-07-2029,,,,,,,,https://www.ce2ls.cl/
CE6RCR RPT-A,RADIO CLUB DE LOS RIOS,VALDIVIA,"C° FILÚN, CUESTA DE SOTO, HUELLELHUE - LOTE A",-39.8142,-73.2459,25,6,VHF/FM,146.820,146.220,88.5,REGIÓN DE LOS RÍOS,20-10-2025,20-10-2030,,,,,,,,https://www.ce6rcr.cl/
CE4CNU RPT-F,RADIO CLUB DE ÑUBLE,NINHUE,CERRO COIQUEN,-36.3163888889,-72.4711111111,25,6,VHF/FM,146.910,146.310,123,REGIÓN DE NUBLE,23-10-2023,23-10-2028,,,,,,,,
CE4CNU RPT-B,RADIO CLUB DE ÑUBLE,TOMÉ,CERRO NEUQUE,-36.5666666667,-72.9,25,6,VHF/FM,147.090,147.690,123,REGIÓN DEL BIOBÍO,15-09-2023,06-07-2028,,,,,,,,
CE4CNU RPT-E,RADIO CLUB DE ÑUBLE,PENCAHUE,CERRO PIGUCHEN,-35.15,-71.7666666667,25,6,VHF/FM,147.120,147.720,123,REGIÓN DEL MAULE,07-03-2024,06-07-2028,,,,,,,,
CE4CNU RPT-A,RADIO CLUB DE ÑUBLE,NINHUE,CERRO COIQUEN,-36.3163888889,-72.4711111111,25,6,VHF/FM,146.760,146.160,123,REGIÓN DE NUBLE,15-09-2023,06-07-2028,,,,,,,,
CE6CNU RPT-D,RADIO CLUB DE ÑUBLE,ANGOL,CERRO PELAO,-37.8386111111,-72.8547222222,25,6,VHF/FM,147.330,147.930,123,REGIÓN DE LA ARAUCANÍA,10-10-2023,06-07-2028,,,,,,,,
CE4CNU RPT-C,RADIO CLUB DE ÑUBLE,PINTO,CERRO LOS COLTRAHUES,-36.9252777778,-71.4836111111,25,6,VHF/FM,146.730,146.130,123,REGIÓN DE NUBLE,07-03-2024,06-07-2028,,,,,,,,
CE4SCL RPT-A,RADIO CLUB DE SAN CARLOS,SAN CARLOS,CERRO VALLE EL VALIENTE,-36.5080555556,-71.5288888889,25,7,VHF/FM,147.270,147.870,123,REGIÓN DEL BIOBÍO,04-08-2025,04-08-2030,,,,,,,,
CE5BIO RPT-A,RADIO CLUB DEL BIO BIO,PEMUCO,SECTOR COREA PEMUCO,-37.0228694444,-71.705875,25,6,VHF/FM,147.240,147.840,123,REGIÓN DE NUBLE,10-02-2025,10-02-2030,1,,,,,,,https://www.ce5bio.cl/
CE3BIO RPT-B,RADIO CLUB DEL BIO BIO,PEMUCO,SECTOR COREA PEMUCO,-37.0228694444,-71.7067083333,10,6,UHF/FM,433.800,438.800,123,REGIÓN DE NUBLE,10-02-2025,10-02-2030,,,,,,,,https://www.ce5bio.cl/
CE1DDA RPT-A,RADIO CLUB DESIERTO ATACAMA,COPIAPÓ,COPIAPO,-27.4065358333,-70.3999961111,7,3,VHF/FM,147.900,147.300,77,REGIÓN DE ATACAMA,02-08-2023,26-04-2028,,,,,,,,
CE1LOA RPT-C,RADIO CLUB EL LOA,CALAMA,CERRO LIMÓN VERDE,-22.7583333333,-68.9911111111,10,6,VHF/FM,146.700,146.100,88.5,REGIÓN DE ANTOFAGASTA,17-03-2023,29-12-2027,,,,,,,,
CE1LOA RPT-B,RADIO CLUB EL LOA,CALAMA,CERRO MONTECARLOS,-22.3263888889,-68.9916666667,10,6,VHF/FM,147.180,147.780,,REGIÓN DE ANTOFAGASTA,17-03-2023,29-12-2027,,,,,,,,
CE1LOA RPT-A,RADIO CLUB EL LOA,CALAMA,CERRO LIMON VERDE,-22.7583333333,-68.9911111111,10,6,VHF/FM,146.700,146.100,88.5,REGIÓN DE ANTOFAGASTA,17-03-2023,29-12-2027,,,,,,,,
CE1ESV RPT-B,RADIO CLUB EL SALVADOR,DIEGO DE ALMAGRO,LLANO DE BORAX CORDILLERA DE DOMEYCO,-26.3082777778,-69.2823333333,12,12,VHF/FM,146.610,146.010,88.5,REGIÓN DE ATACAMA,19-02-2025,19-02-2030,,,,,,,,
CE1ESV RPT-C,RADIO CLUB EL SALVADOR,DIEGO DE ALMAGRO,CERRO CONTRERAS EL SALVADOR,-26.3519444444,-69.5652777778,8,6.5,VHF/FM,147.330,147.930,88.5,REGIÓN DE ATACAMA,19-02-2025,19-02-2030,,,,,,,,
CE2ESV RPT-A,RADIO CLUB EL SALVADOR,DIEGO DE ALMAGRO,CERRO EL SALADO,-26.3780555556,-70.2802777778,8,6,VHF/FM,147.390,147.990,79.7,REGIÓN DE ATACAMA,19-02-2025,19-02-2030,,,,,,,,
CE4BZI RPT-A,RADIO CLUB GASTON SAEZ RONDANELLI,SAN JAVIER,CERRO GUPO,-35.6680555556,-71.9152777778,25,6,VHF/FM,146.700,146.100,123,REGIÓN DEL MAULE,02-08-2023,02-08-2028,,,,,,,,https://www.qrz.com/db/CE4BZI
CE6BZI RPT-C,RADIO CLUB GASTON SAEZ RONDANELLI,LA UNIÓN,CERRO MIRADOR,-40.1666666667,-73.4666666667,25,6,VHF/FM,146.790,146.190,123,REGIÓN DE LOS RÍOS,02-08-2023,02-08-2028,,,,,,,,https://www.qrz.com/db/CE4BZI
CE4BZI RPT-E,RADIO CLUB GASTON SAEZ RONDANELLI,TENO,CERRO CHIVATO,-34.8291666667,-71.2264444444,25,6,VHF/FM,147.180,147.780,123,REGIÓN DEL MAULE,02-08-2023,02-08-2028,,,,,,,,https://www.qrz.com/db/CE4BZI
CE2GVM RPT-A,RADIO CLUB GAVIOTAS,VALPARAÍSO,CERRO COLORADO. RECINTO ARMADA DE CHILE. CAMINO LA POLVORA,-33.0819444444,-71.6169444444,15,6.7,VHF/FM,147.180,147.780,85.4,REGIÓN DE VALPARAÍSO,10-09-2024,10-09-2029,,,,,,,,
CE1RLP RPT-D,RADIO CLUB LA PORTADA,ANTOFAGASTA,CERRO LOS MORROS,-23.4663888889,-70.5633333333,10,6,UHF/FM,434.000,439.000,85.4,REGIÓN DE ANTOFAGASTA,20-02-2024,18-01-2029,,,,,,,,https://www.ce1rlp.cl/
CE1RLP RPT-A,RADIO CLUB LA PORTADA,ANTOFAGASTA,CERRO LOS MORROS,-23.4663888889,-70.5633333333,10,7,VHF/FM,147.300,147.900,85.4,REGIÓN DE ANTOFAGASTA,20-02-2024,18-01-2029,,,,,,,,https://www.ce1rlp.cl/
CE1RLP RPT-E,RADIO CLUB LA PORTADA,ANTOFAGASTA,CERRO ZALDIVAR,-24.1708333333,-69.0825,10,7,VHF/FM,147.240,147.840,110.9,REGIÓN DE ANTOFAGASTA,20-02-2024,18-01-2029,,,,,,,,https://www.ce1rlp.cl/
CE1RLP RPT-C,RADIO CLUB LA PORTADA,TALTAL,CERRO PERALES,-25.4166666667,-70.4166666667,10,7,VHF/FM,146.640,146.040,110.9,REGIÓN DE ANTOFAGASTA,26-09-2024,18-01-2029,,,,,,,,https://www.ce1rlp.cl/
CE1RLP RPT-K,RADIO CLUB LA PORTADA,SAN PEDRO DE ATACAMA,CERRO BARROS ARANA,-22.6945361111,-68.400325,15,6.7,VHF/FM,147.150,147.750,110.9,REGIÓN DE ANTOFAGASTA,20-02-2024,18-01-2029,,,,,,,,https://www.ce1rlp.cl/
CE1RLP RPT-G,RADIO CLUB LA PORTADA,CALAMA,CERRO LIMÓN VERDE,-22.7525,-68.9958333333,15,6.7,VHF/FM,146.850,146.250,85.4,REGIÓN DE ANTOFAGASTA,20-02-2024,18-01-2029,,,,,,,,https://www.ce1rlp.cl/
CE1RLP RPT-F,RADIO CLUB LA PORTADA,TOCOPILLA,CERRO EL TOLAR,-21.9672222222,-70.1,15,6.7,VHF/FM,147.030,147.630,110.9,REGIÓN DE ANTOFAGASTA,20-02-2024,18-01-2029,,,,,,,,https://www.ce1rlp.cl/
CE1RLP RPT-B,RADIO CLUB LA PORTADA,TALTAL,SIERRA VICUÑA MACKENNA,-24.45,-70.0497222222,10,7,VHF/FM,147.000,146.400,110.9,REGIÓN DE ANTOFAGASTA,26-09-2024,18-01-2029,,,,,,,,https://www.ce1rlp.cl/
CE6RLU RPT-A,RADIO CLUB LA UNION,LA UNIÓN,FUNDO SAN CARLOS,-40.2936,-73.0819,25,9,VHF/FM,147.390,147.990,203.5,REGIÓN DE LOS RÍOS,02-08-2023,02-08-2028,,,,,,,,
CE5RCL RPT-A,RADIO CLUB LEBU,LEBU,"FUNDO EL DIEZMO S/N, LEBU",-37.6308333333,-73.6536111111,5,9,VHF/FM,147.150,147.750,,REGIÓN DEL BIOBÍO,26-10-2022,23-11-2025,,,,,,,,
CE4LY RPT-A,RADIO CLUB LIRCAY,TALCA,VILLA ECUADOR 22 SUR 4 1/2 PTE,-35.4433333333,-71.6780555556,50,9,VHF/FM,146.380,146.980,67,REGIÓN DEL MAULE,19-12-2023,03-08-2028,,,,,,,,
CE4LY RPT-B,RADIO CLUB LIRCAY,PARRAL,CERRO DIGUA,-36.2933333333,-71.4394444444,50,7,VHF/FM,147.300,147.900,67,REGIÓN DEL MAULE,20-11-2024,20-11-2029,,,,,,,,
CE4LY RPT-C,RADIO CLUB LIRCAY,PARRAL,CERRO DIGUA,-36.2933333333,-71.4394444444,10,7,UHF/FM,433.100,438.100,67,REGIÓN DEL MAULE,17-12-2024,17-12-2029,,,,,,,,
CE2AND RPT-B,RADIO CLUB LOS ANDES,PUTAENDO,CERRO EL TABACO,-32.6450555556,-70.8194444444,20,7,VHF/FM,147.210,147.810,,REGIÓN DE VALPARAÍSO,22-07-2024,31-08-2026,,,,,,,,
CE2AND RPT-A,RADIO CLUB LOS ANDES,RINCONADA,CUESTA CHACABUCO,-32.9144444444,-70.7066666667,10,7,VHF/FM,146.820,146.220,79.7,REGIÓN DE VALPARAÍSO,22-07-2024,31-08-2026,,,,,,,,
CE2CQ RPT-A,RADIO CLUB LOS MOLINOS DE VILLA ALEMANA RADIO CLUB,VILLA ALEMANA,AV. VICTORIA N°0195,-33.0461666667,-71.3621972222,10,4.5,VHF/FM,146.880,146.280,82.5,REGIÓN DE VALPARAÍSO,04-10-2024,04-10-2029,,,,,,,,
CE6RTV RPT-A,RADIO CLUB LOS TORREONES DE VALDIVIA,VALDIVIA,CARLOS BENNET 1625,-39.8061111111,-73.2505555556,10,8.3,VHF/FM,146.940,146.340,151.4,REGIÓN DE LOS RÍOS,30-07-2024,05-04-2028,,,,,,,,https://www.qrz.com/db/CE6RTV
CE7RCM RPT-B,RADIO CLUB MELIPULLI,PUERTO VARAS,VOLCAN OSORNO,-41.1277777778,-72.5316666667,25,6,VHF/FM,146.820,146.220,77,REGIÓN DE LOS LAGOS,07-06-2023,20-04-2028,,,,,,,,https://www.ce7rcm.cl/
CE7RCM RPT-A,RADIO CLUB MELIPULLI,PUERTO MONTT,ELEUTERIO RAMIREZ 928,-41.4688888889,-72.9630555556,25,6,VHF/FM,146.970,146.370,77,REGIÓN DE LOS LAGOS,07-06-2023,20-04-2028,,,,,,,,https://www.ce7rcm.cl/
CE7RCM RPT-C,RADIO CLUB MELIPULLI,LOS MUERMOS,SECTOR MIRAMAR ALTO CORDILLERA DE LA COSTA,-41.3419444444,-73.7013888889,25,6,VHF/FM,147.120,147.720,77,REGIÓN DE LOS LAGOS,02-08-2023,20-04-2028,,,,,,,,https://www.ce7rcm.cl/
CE5RCX RPT-B,RADIO CLUB NAHUELBUTA,NACIMIENTO,LOS GUINDOS - MEÑIR,-37.5480555556,-72.9375,25,7,VHF/FM,147.315,147.915,77,REGIÓN DEL BIOBÍO,02-08-2023,02-07-2026,,,,,,,,
CE5NRC RPT-A,RADIO CLUB NEUQUE TOME,TOMÉ,CAMINO A DICHATO 840,-36.5902777778,-72.9555555556,15,7,VHF/FM,146.715,146.115,203.5,REGIÓN DEL BIOBÍO,15-05-2023,15-05-2028,,,,,,,,
CE4OHI RPT-A,RADIO CLUB O'HIGGINS,RANCAGUA,"EDIFICIO DON MICHELLE, JOSE DOMINGO MUJICA 609",-34.2905555556,-70.2388888889,25,5,VHF/FM,146.820,146.220,82.5,REGIÓN DEL LIBERTADOR GENERAL BERNARDO O'HIGGINS,15-03-2024,08-01-2029,,,,,,,,
CE5RPP RPT-B,RADIO CLUB PENCOPOLITANO,PENCO,LAS GRULLAS 38 - LOS RADALES,-36.7491666667,-72.9980555556,10,11.5,UHF/FM,433.375,438.375,179.9,REGIÓN DEL BIOBÍO,12-10-2022,12-10-2027,,,,,,,,https://www.ce5rpp.cl/
CE5RPP RPT-A,RADIO CLUB PENCOPOLITANO,PENCO,"CAMINO A PRIMER AGUA KM 2,5",-36.7369444444,-72.9783333333,25,3,VHF/FM,146.940,146.340,,REGIÓN DEL BIOBÍO,26-10-2022,26-05-2027,,,,,,,,https://www.ce5rpp.cl/
CE4PLU RPT-B,RADIO CLUB PICHILEMU,PICHILEMU,CERRO ALTO COLORADO,-34.3342388889,-71.8754805556,10,11,UHF/FM,433.675,438.675,123,REGIÓN DEL LIBERTADOR GENERAL BERNARDO O'HIGGINS,07-06-2023,20-05-2026,,,,,,,,
CE4PLU RPT-A,RADIO CLUB PICHILEMU,PICHILEMU,CERRO ALTO COLORADO,-34.3342388889,-71.8754805556,25,9,VHF/FM,146.670,146.070,123,REGIÓN DEL LIBERTADOR GENERAL BERNARDO O'HIGGINS,25-08-2021,20-05-2026,,,,,,,,
CE4PK RPT-A,RADIO CLUB PROMAUCAES,PICHILEMU,CERRO EL ROMERO,-34.3663888889,-71.8577777778,25,9,VHF/FM,146.760,146.160,100,REGIÓN DEL LIBERTADOR GENERAL BERNARDO O'HIGGINS,02-04-2025,02-04-2030,,,,,,,,
CE4PK RPT-B,RADIO CLUB PROMAUCAES,PICHILEMU,CERRO EL ROMERO,-34.3663888889,-71.8577777778,25,9,UHF/FM,433.762,438.762,100,REGIÓN DEL LIBERTADOR GENERAL BERNARDO O'HIGGINS,02-04-2025,02-04-2030,,,,,,,,
CE3PA RPT-B,RADIO CLUB PROVINCIAL CORDILLERA,SAN JOSÉ DE MAIPO,CERRO LA TINAJA SECTOR LAGUNILLA,-33.5883333333,-70.2941666667,10,6,VHF/FM,146.760,146.160,82.5,REGIÓN METROPOLITANA DE SANTIAGO,03-10-2024,03-10-2029,,,,,,,,https://www.ce3pa.cl/
CE3PA RPT-D,RADIO CLUB PROVINCIAL CORDILLERA,SAN JOSÉ DE MAIPO,LOC. EL VOLCÁN,-33.8201111111,-70.1718055556,10,6,VHF/FM,146.970,146.370,82.5,REGIÓN METROPOLITANA DE SANTIAGO,03-10-2024,03-10-2029,,,,,,,,https://www.ce3pa.cl/
CE3PA RPT-A,RADIO CLUB PROVINCIAL CORDILLERA,PIRQUE,CERRO EL CARDO,-33.618385,-70.5174944444,10,6,VHF/FM,147.390,147.990,,REGIÓN METROPOLITANA DE SANTIAGO,03-10-2024,03-10-2029,,,,,,,,https://www.ce3pa.cl/
CE3PA RPT-C,RADIO CLUB PROVINCIAL CORDILLERA,PIRQUE,CERRO EL CARDO,-33.6185722222,-70.5174944444,10,6,UHF/FM,433.450,438.450,82.5,REGIÓN METROPOLITANA DE SANTIAGO,03-10-2024,03-10-2029,,,,,,,,https://www.ce3pa.cl/
CE2OV RPT-D,RADIO CLUB PROVINCIA LIMARI,OVALLE,CERRO BLANCO,-30.3547222222,-71.2963888889,7,3.3,VHF/FM,146.790,146.190,123,REGIÓN DE COQUIMBO,02-10-2023,02-10-2028,,,,,,,,
CE2OV RPT-E,RADIO CLUB PROVINCIA LIMARI,OVALLE,COLINA LA SILLETA S/N,-30.6113888889,-71.2230555556,7,3.3,UHF/FM,433.575,438.575,123,REGIÓN DE COQUIMBO,02-10-2023,02-10-2028,,,,,,,,
CE7BLI RPT-B,RADIO CLUB PROVINCIAL DE CHILOE,CASTRO,CERRO CARACOLES,-41.8936111111,-73.8138888889,15,7,VHF/FM,146.880,146.280,69.3,REGIÓN DE LOS LAGOS,10-09-2024,10-09-2029,,,,,,,,
CE7BLI RPT-A,RADIO CLUB PROVINCIAL DE CHILOE,CASTRO,CERRO GAMBOA,-42.4722222222,-73.8116666667,15,8,VHF/FM,146.700,146.100,69.3,REGIÓN DE LOS LAGOS,10-09-2024,10-09-2029,,,,,,,,
CE2RPE RPT-A,RADIO CLUB PROVINCIAL ELQUI,COQUIMBO,CERRO PAN DE AZUCAR,-29.9902777778,-71.2652777778,10,6.5,UHF/FM,434.275,439.275,71.9,REGIÓN DE COQUIMBO,09-08-2021,09-08-2026,,,,,,,,
CE2RPE RPT-B,RADIO CLUB PROVINCIAL ELQUI,COQUIMBO,CERRO EL PANUL,-30.0277777778,-71.3602777778,10,7,VHF/FM,146.700,146.100,71.9,REGIÓN DE COQUIMBO,23-04-2024,27-03-2029,,,,,,,,
CE1IQQ RPT-A,RADIO CLUB PROVINCIAL IQUIQUE,IQUIQUE,CERRO TARAPACA,-20.3333333333,-70.1,15,7.7,VHF/FM,146.020,146.620,136.5,REGIÓN DE TARAPACÁ,26-08-2022,02-04-2026,,,,,,,,https://www.ce1iqq.cl/
CE1IQQ RPT-D,RADIO CLUB PROVINCIAL IQUIQUE,TOCOPILLA,CERRO TOLAR,-21.95,-70.0833333333,10,11.7,UHF/FM,433.525,438.525,136.5,REGIÓN DE ANTOFAGASTA,21-08-2022,21-08-2027,,,,,,,,https://www.ce1iqq.cl/
CE1IQQ RPT-E,RADIO CLUB PROVINCIAL IQUIQUE,IQUIQUE,CERRO TARAPACÁ,-20.3333333333,-70.1,10,7.5,UHF/FM,433.475,438.475,136.5,REGIÓN DE TARAPACÁ,21-08-2022,02-04-2026,,,,,,,,https://www.ce1iqq.cl/
CE1IQQ RPT-B,RADIO CLUB PROVINCIAL IQUIQUE,IQUIQUE,CERRO TARAPACÁ,-20.3333333333,-70.1,15,7.5,VHF/FM,146.970,146.370,136.5,REGIÓN DE TARAPACÁ,12-07-2022,02-04-2026,,,,,,,,https://www.ce1iqq.cl/
CE1IQQ RPT-F,RADIO CLUB PROVINCIAL IQUIQUE,IQUIQUE,SALVADOR ALLENDE ESQUINA SANTIAGO POLANEO,-20.2470277778,-70.1330555556,15,7.5,VHF/FM,146.910,146.310,136.5,REGIÓN DE TARAPACÁ,27-02-2024,02-04-2026,,,,,,,,https://www.ce1iqq.cl/
CE1IQQ RPT-G,RADIO CLUB PROVINCIAL IQUIQUE,IQUIQUE,CERRO TARAPACA,-20.3333333333,-70.1,15,7.5,VHF/FM,146.060,146.660,136.5,REGIÓN DE TARAPACÁ,28-02-2024,02-04-2026,,,,,,,,https://www.ce1iqq.cl/
CE1IQQ RPT-C,RADIO CLUB PROVINCIAL IQUIQUE,TOCOPILLA,CERRO TOLAR,-21.95,-70.0833333333,15,7.5,VHF/FM,147.285,147.885,136.5,REGIÓN DE ANTOFAGASTA,29-09-2022,02-04-2026,,,,,,,,https://www.ce1iqq.cl/
CE4RLN RPT-B,RADIO CLUB PROVINCIAL LINARES,LINARES,CERRO GUPO,-35.6886111111,-71.9175,20,7,VHF/FM,147.750,147.150,123,REGIÓN DEL MAULE,07-12-2022,07-12-2027,,,,,,,,
CE4RLN RPT-A,RADIO CLUB PROVINCIAL LINARES,SAN FERNANDO,CERRO SANTA LUCIA,-34.6872222222,-70.7658333333,20,7,VHF/FM,146.610,146.010,123,REGIÓN DEL LIBERTADOR GENERAL BERNARDO O'HIGGINS,07-12-2022,07-12-2027,,,,,,,,
CE7LL RPT-B,RADIO CLUB PROVINCIAL LLANQUIHUE,PUERTO MONTT,EGAÑA 398,-41.4716666667,-72.9294444444,25,6,VHF/FM,146.760,146.160,88.5,REGIÓN DE LOS LAGOS,22-11-2023,02-05-2028,,,,,,,,https://www.ce7ll.cl/
CE7LL RPT-A,RADIO CLUB PROVINCIAL LLANQUIHUE,PUERTO VARAS,VOLCAN CALBUCO,-41.3175,-72.6916666667,50,6,VHF/FM,146.670,146.070,88.5,REGIÓN DE LOS LAGOS,22-11-2023,02-05-2028,,,,,,,,https://www.ce7ll.cl/
CE7LL RPT-C,RADIO CLUB PROVINCIAL LLANQUIHUE,PUERTO MONTT,EGAÑA 398,-41.4716666667,-72.9294444444,25,6,VHF/FM,146.640,146.040,88.5,REGIÓN DE LOS LAGOS,30-07-2024,02-05-2028,,,,,,,,https://www.ce7ll.cl/
CE2AA RPT-A,RADIO CLUB PROVINCIAL VALPARAISO,VALPARAÍSO,CAMINO LA PÓLVORA S/N INSTALACIÓN D.G.T.M.,-33.0819444444,-71.6169444444,15,6,VHF/FM,147.300,147.900,,REGIÓN DE VALPARAÍSO,26-05-2023,22-11-2026,,,,,,,,https://www.ce2aa.cl/
CE4RG RPT-B,RADIO CLUB RANCAGUA,RANCAGUA,PALOMINOS 689 RANCAGUA,-34.1749722222,-70.7455361111,20,6,VHF/FM,146.970,146.370,123,REGIÓN DEL LIBERTADOR GENERAL BERNARDO O'HIGGINS,15-03-2024,23-11-2027,,,,,,,,https://www.ce4rg.cl/
CE4RG RPT-A,RADIO CLUB RANCAGUA,REQUÍNOA,CERRO TROCALAN,-34.2422222222,-70.7163888889,25,6,VHF/FM,147.240,147.840,100,REGIÓN DEL LIBERTADOR GENERAL BERNARDO O'HIGGINS,10-09-2024,23-11-2027,,,,,,,,https://www.ce4rg.cl/
CE5TH RPT-B,RADIO CLUB REGIONAL TALCAHUANO,TALCAHUANO,PATRICIO LINCH N° 288,-36.7188888889,-73.1138888889,10,6,UHF/FM,433.075,438.075,151.4,REGIÓN DEL BIOBÍO,23-03-2023,05-08-2027,,,,,,,,https://www.ce5th.cl/
CE5TH RPT-A,RADIO CLUB REGIONAL TALCAHUANO,TALCAHUANO,PATRICIO LINCH N° 288,-36.7249,-73.1169,25,5,VHF/FM,147.390,147.990,151.4,REGIÓN DEL BIOBÍO,23-03-2023,05-08-2027,,,,,,,,https://www.ce5th.cl/
CE4RSF RPT-B,RADIO CLUB SAN FERNANDO,SAN FERNANDO,CERRO PANGALILLO,-34.5283333333,-71.0163888889,10,3,VHF/FM,146.880,146.280,67,REGIÓN DEL LIBERTADOR GENERAL BERNARDO O'HIGGINS,07-09-2023,07-09-2028,,,,,,,,
CE4RSF RPT-A,RADIO CLUB SAN FERNANDO,SAN FERNANDO,CERRO ALTO LAS ROMAZAS,-34.5497222222,-70.8102777778,20,6,VHF/FM,147.060,147.660,67,REGIÓN DEL LIBERTADOR GENERAL BERNARDO O'HIGGINS,07-09-2023,07-09-2028,,,,,,,,
CE4RSF RPT-C,RADIO CLUB SAN FERNANDO,SAN FERNANDO,CERRO LAS ROMANZAS,-34.5452777778,-70.8016666667,10,3,UHF/FM,434.980,439.980,67,REGIÓN DEL LIBERTADOR GENERAL BERNARDO O'HIGGINS,22-08-2025,20-08-2030,,,,,,,,
CE6TC RPT-B,RADIO CLUB TEMUCO,LAUTARO,CERRO PILMAHUE,-38.5666666667,-72.6166666667,25,7,VHF/FM,146.940,146.340,67,REGIÓN DE LA ARAUCANÍA,11-02-2021,11-02-2026,,,,,,,,https://www.ce6tc.cl/
CE6TRA RPT-A,RADIO CLUB TRAIGUEN,TRAIGUÉN,CERRO LAS MESAS,-38.1641666667,-72.5086111111,10,6,VHF/FM,147.360,147.960,203.5,REGIÓN DE LA ARAUCANÍA,22-04-2024,27-03-2029,,,,,,,,
CE6TRA RPT-B,RADIO CLUB TRAIGUEN,LUMACO,ESCUELA,-38.2583333333,-73.0511111111,10,6,VHF/FM,146.700,146.100,74.4,REGIÓN DE LA ARAUCANÍA,22-04-2024,27-03-2029,,,,,,,,
CE6VC RPT-A,RADIO CLUB VALDIVIA,CORRAL,LUMACO ALTO,-39.9887277778,-73.2259611111,25,5,VHF/FM,146.380,146.980,88.5,REGIÓN DE LOS RÍOS,03-04-2025,03-04-2030,,,,,,,,
CE4CVC RPT-B,RADIO CLUB VALLE DE COLCHAGUA,NANCAGUA,CERRO RUCATALCA,-34.5925,-71.2105555556,15,6,VHF/FM,146.790,146.190,151.4,REGIÓN DEL LIBERTADOR GENERAL BERNARDO O'HIGGINS,15-03-2024,06-11-2028,,,,,,,,
CE4CVC RPT-A,RADIO CLUB VALLE DE COLCHAGUA,SAN FERNANDO,CERRO PANGALILLO,-34.5252777778,-71.0161111111,20,9,VHF/FM,146.730,146.130,151.4,REGIÓN DEL LIBERTADOR GENERAL BERNARDO O'HIGGINS,07-03-2024,06-11-2028,,,,,,,,
CE4CVC   RPT-A,RADIO CLUB VALLE DE COLCHAGUA,NANCAGUA,"CERRO RUCATALCA, NANCAGUA",-34.5925,-71.2105555556,10,7,UHF/FM,433.475,438.475,151.4,REGIÓN DEL LIBERTADOR GENERAL BERNARDO O'HIGGINS,05-08-2025,05-08-2030,,,,,,,,
CE4CVC RPT-C,RADIO CLUB VALLE DE COLCHAGUA,SAN FERNANDO,CERRO SANTA LUCIA,-34.6872222222,-70.7658333333,20,9,VHF/FM,147.090,147.690,123,REGIÓN DEL LIBERTADOR GENERAL BERNARDO O'HIGGINS,15-03-2024,06-11-2028,,,,,,,,
CE1RVL RPT-A,RADIO CLUB VALLENAR,VALLENAR,MINA ALGARROBO,-28.81,-71.0169444444,25,3,VHF/FM,147.180,147.780,77,REGIÓN DE ATACAMA,28-10-2022,28-10-2027,,,,,,,,https://www.ce1rvl.cl/
CE1RVL RPT-B,RADIO CLUB VALLENAR,FREIRINA,CERRO INFERNILLO,-28.4577777778,-70.9502777778,10,6,VHF/FM,146.910,146.310,77,REGIÓN DE ATACAMA,08-11-2023,18-05-2027,,,,,,,,https://www.ce1rvl.cl/
CA4HVE RPT-A,RADIO CLUB VALLES DEL TUTUVEN,CAUQUENES,CERRO NAME,-35.7206444444,-72.2177416667,25,7,VHF/FM,147.330,147.930,123,REGIÓN DEL MAULE,04-10-2023,04-10-2028,,,,,,,,
CE2RVI RPT-B,RADIO CLUB VICUÑA,VICUÑA,O'HIGGINS 262,-30.0377777778,-70.7013888889,10,6,VHF/FM,146.880,146.280,162.2,REGIÓN DE COQUIMBO,28-11-2022,28-11-2027,,,,,,,,
CE6RCV RPT-A,RADIO CLUB VILLARRICA,VILLARRICA,CERRO TRALCAHUE,-39.3747666667,-72.2005111111,25,6,VHF/FM,147.120,147.720,123,REGIÓN DE LA ARAUCANÍA,26-10-2022,21-04-2026,,,,,,,,https://www.ce6rcv.cl/
CE2VOL RPT-B,RADIO CLUB VIÑA DEL MAR,CURICÓ,AVENIDA RAMON FREIRE 2562,-35.1977777778,-71.0308333333,10,9,VHF/FM,147.270,147.870,151.4,REGIÓN DEL MAULE,15-07-2025,15-07-2030,,,,,,,,https://radioclubvina.cl/
CE2VOL RPT-C,RADIO CLUB VIÑA DEL MAR,CHANCO,CERRO MOLCO,-35.7873555556,-72.4113305556,10,6.8,VHF/FM,147.960,147.360,151.4,REGIÓN DEL MAULE,03-08-2023,17-01-2027,,,,,,,,https://radioclubvina.cl/
CE2VOL RPT-A,RADIO CLUB VIÑA DEL MAR,VALPARAÍSO,CERRO COLORADO RECINTO ARMADA DE CHILE LA POLVORA,-33.0819444444,-71.6169444444,11,9,VHF/FM,146.820,146.220,151.4,REGIÓN DE VALPARAÍSO,07-11-2022,17-01-2027,,,,,,,,https://radioclubvina.cl/
CE6RCO RPT-A,RADIO CLUB VOLCÁN OSORNO,SAN JUAN DE LA COSTA,RUTA U-40 SECTOR LA CUMBRE,-40.6130555556,-73.4263888889,15,7,VHF/FM,146.850,146.250,189.9,REGIÓN DE LOS LAGOS,14-08-2025,14-08-2030,,,,,,,,
CE2AQ RPT-A,RADIOCLUB AMIGOS DE LA RADIOAFICIÓN,OLMUÉ,CORDON PARQUE NACIONAL LA CAMPANA,-32.9758333333,-71.015,20,6,VHF/FM,146.700,146.100,74.4,REGIÓN DE VALPARAÍSO,19-11-2024,19-11-2029,,,,,,,,
CE7RPV RPT-A,RADIOCLUB PUERTO VARAS,PUERTO VARAS,VOLCAN CALBUCO,-41.3209166667,-72.6685194444,10,6,VHF/FM,147.060,147.660,100,REGIÓN DE LOS LAGOS,21-03-2024,07-09-2028,,,,,,,,https://www.qrz.com/db/CE7RPV
CE7RPV RPT-B,RADIOCLUB PUERTO VARAS,PUERTO VARAS,VOLCAN CALBUCO,-41.3209166667,-72.6685194444,10,6,UHF/FM,433.100,438.100,123,REGIÓN DE LOS LAGOS,26-03-2024,07-09-2028,,,,,,,,https://www.qrz.com/db/CE7RPV
CE4SF RPT-A,SIN FRONTERA AGRUPACION RADIO CLUB,PARRAL,CERRO DIGUA,-36.2933333333,-71.4394444444,10,7,VHF/FM,146.850,146.250,151.4,REGIÓN DEL MAULE,10-09-2024,10-09-2029,,,,,,,,
XQ1KK-L,Red Chile - Arica,Arica,,-18.475,-70.3144444,,,VHF/FM,147.540,147.540,88.5,REGIÓN DE ARICA Y PARINACOTA,,,1,Red Chile,,,,,,https://redchile.org/
CE1NAH-R,Red Chile - Iquique,Iquique,,-20.2166667,-70.1666667,,,VHF/FM,146.950,146.950,23,REGIÓN DE TARAPACÁ,,,1,Red Chile,,,,,,https://redchile.org/
CE1NAH-L,Red Chile - La Huayca,La Huayca,,-20.25,-70.1166667,,,VHF/FM,146.950,146.950,23,REGIÓN DE TARAPACÁ,,,1,Red Chile,,,,,,https://redchile.org/
CE1AZP-L,Red Chile - Antofagasta,Antofagasta,,-23.6333333,-70.4,,,VHF/FM,146.420,146.420,,REGIÓN DE ANTOFAGASTA,,,1,Red Chile,,,,,,https://redchile.org/
CA1HDG-L,Red Chile - Copiapo,Copiapo,,-27.3666667,-70.3166667,,,VHF/FM,147.430,147.430,,REGIÓN DE ATACAMA,,,1,Red Chile,,,,,,https://redchile.org/
CA1HDG-R,Red Chile - Coquimbo,Coquimbo,,-29.95,-71.3333333,,,VHF/FM,146.420,146.420,,REGIÓN DE COQUIMBO,,,1,Red Chile,,,,,,https://redchile.org/
CE2MTP-L,Red Chile - Paihuano,Paihuano,,-30.0166667,-70.5166667,,,VHF/FM,147.540,147.540,,REGIÓN DE COQUIMBO,,,1,Red Chile,,,,,,https://redchile.org/
CE2RVV-L,Red Chile - Llay Llay,Llay Llay,,-32.85,-70.9666667,,,VHF/FM,145.050,145.050,,REGIÓN DE VALPARAÍSO,,,1,Red Chile,,,,,,https://redchile.org/
CE2LGI-L,Red Chile - Los Andes,Los Andes,,-32.8166667,-70.6166667,,,VHF/FM,147.180,147.180,67.0,REGIÓN DE VALPARAÍSO,,,1,Red Chile,,,,,,https://redchile.org/
CE2JJF-L,Red Chile - Isla Negra,Isla Negra,,-33.4,-71.7,,,VHF/FM,146.490,146.490,,REGIÓN DE VALPARAÍSO,,,1,Red Chile,,,,,,https://redchile.org/
CE2KVL-L,Red Chile - Valparaiso,Valparaiso,,-33.0458333,-71.6163889,,,VHF/FM,146.590,146.590,67.0,REGIÓN DE VALPARAÍSO,,,1,Red Chile,,,,,,https://redchile.org/
CA2JOT-L,Red Chile - Quilpue,Quilpue,,-33.05,-71.45,,,VHF/FM,146.320,146.320,67.0,REGIÓN DE VALPARAÍSO,,,1,Red Chile,,,,,,https://redchile.org/
CE2BMA-L,Red Chile - Villa Alemana,Villa Alemana,,-33.05,-71.3666667,,,VHF/FM,146.440,146.440,67,REGIÓN DE VALPARAÍSO,,,1,Red Chile,,,,,,https://redchile.org/
CE2BMA-R,Red Chile - Limache,Limache,,-32.9833333,-71.2833333,,,VHF/FM,145.220,145.220,67,REGIÓN DE VALPARAÍSO,,,1,Red Chile,,,,,,https://redchile.org/
CE3LWV-L,Red Chile - El Monte,El Monte,,-33.6833333,-71.0166667,,,VHF/FM,146.500,146.500,,REGIÓN METROPOLITANA DE SANTIAGO,,,1,Red Chile,,,,,,https://redchile.org/
CE3LWV-R,Red Chile - María Pinto,María Pinto,,-33.5333333,-71.1333333,,,VHF/FM,146.550,146.550,,REGIÓN METROPOLITANA DE SANTIAGO,,,1,Red Chile,,,,,,https://redchile.org/
CA3AMG-L,Red Chile - Renca,Renca,,-33.4,-70.7333333,,,VHF/FM,145.550,145.550,,REGIÓN METROPOLITANA DE SANTIAGO,,,1,Red Chile,,,,,,https://redchile.org/
CE3PBR-L,Red Chile - San Joaquin,San Joaquin,,-33.5,-70.6166667,,,VHF/FM,147.540,147.540,,REGIÓN METROPOLITANA DE SANTIAGO,,,1,Red Chile,,,,,,https://redchile.org/
CE3IME-L,Red Chile - Las Condes,Las Condes,,-33.4166667,-70.5833333,,,VHF/FM,146.180,146.180,,REGIÓN METROPOLITANA DE SANTIAGO,,,1,Red Chile,,,,,,https://redchile.org/
CE3WAQ-L,Red Chile - Las Condes,Las Condes,,-33.4166667,-70.5833333,,,VHF/FM,146.420,146.420,,REGIÓN METROPOLITANA DE SANTIAGO,,,1,Red Chile,,,,,,https://redchile.org/
CE3PPY-L,Red Chile - Cerro Navia,Cerro Navia,,-33.4166667,-70.7166667,,,VHF/FM,147.410,147.410,,REGIÓN METROPOLITANA DE SANTIAGO,,,1,Red Chile,,,,,,https://redchile.org/
CE3KA-L,Red Chile - La Cisterna,La Cisterna,,-33.55,-70.6833333,,,VHF/FM,147.430,147.430,,REGIÓN METROPOLITANA DE SANTIAGO,,,1,Red Chile,,,,,,https://redchile.org/
CE4CVX-L,Red Chile - Coltauco,Coltauco,,-34.287229,-71.085723,,,VHF/FM,147.000,147.000,,REGIÓN DEL LIBERTADOR GENERAL BERNARDO O'HIGGINS,,,1,Red Chile,,,,,,https://redchile.org/
CA4FBR-L,Red Chile - Talca,Talca,,-35.4333333,-71.6666667,,,VHF/FM,147.650,147.650,88.5,REGIÓN DEL MAULE,,,1,Red Chile,,,,,,https://redchile.org/
CE4UYP-L,Red Chile - Chillan,Chillan,,-36.6,-72.1166667,,,VHF/FM,146.550,146.550,151.4,REGIÓN DE NUBLE,,,1,Red Chile,,,,,,https://redchile.org/
CE4JVU-L,Red Chile - Rengo,Rengo,,-34.4166667,-70.8666667,,,VHF/FM,146.450,146.450,71.9,REGIÓN DEL LIBERTADOR GENERAL BERNARDO O'HIGGINS,,,1,Red Chile,,,,,,https://redchile.org/
CE4VRI-R,Red Chile - Chanco,Chanco,,-35.7333333,-72.5333333,,,VHF/FM,145.400,145.400,,REGIÓN DEL MAULE,,,1,Red Chile,,,,,,https://redchile.org/
XQ5OS-L,Red Chile - Yumbel,Yumbel,,-37.1333333,-72.5333333,,,VHF/FM,146.420,146.420,67,REGIÓN DEL BIOBÍO,,,1,Red Chile,,,,,,https://redchile.org/
CE5MBM-L,Red Chile - Dichato,Dichato,,-36.6166667,-72.95,,,VHF/FM,146.500,146.500,123,REGIÓN DEL BIOBÍO,,,1,Red Chile,,,,,,https://redchile.org/
CE5AUC-R,Red Chile - Laja,Laja,,-37.2666667,-72.7,,,VHF/FM,147.500,147.500,123,REGIÓN DEL BIOBÍO,,,1,Red Chile,,,,,,https://redchile.org/
CE7UQS-L,Red Chile - Temuco,Temuco,,-38.75,-72.6666667,,,VHF/FM,146.350,146.350,123,REGIÓN DE LA ARAUCANÍA,,,1,Red Chile,,,,,,https://redchile.org/
XQ6RMG-L,Red Chile - Temuco,Temuco,,-38.75,-72.6666667,,,VHF/FM,147.350,147.350,146.2,REGIÓN DE LA ARAUCANÍA,,,1,Red Chile,,,,,,https://redchile.org/
XQ6RMG-R,Red Chile - Temuco,Temuco,,-38.75,-72.6666667,,,VHF/FM,147.420,147.420,123,REGIÓN DE LA ARAUCANÍA,,,1,Red Chile,,,,,,https://redchile.org/
CE6PHG-L,Red Chile - Villarrica,Villarrica,,-39.2666667,-72.2166667,,,VHF/FM,146.200,146.800,203.5,REGIÓN DE LA ARAUCANÍA,,,1,Red Chile,,,,,,https://redchile.org/
CE6ROX-L,Red Chile - Lautaro,Lautaro,,-38.5291667,-72.435,,,VHF/FM,146.200,146.800,203.5,REGIÓN DE LA ARAUCANÍA,,,1,Red Chile,,,,,,https://redchile.org/
CE6RCR-L,Red Chile - Valdivia,Valdivia,,-39.8,-73.2333333,,,VHF/FM,146.850,146.850,,REGIÓN DE LOS RÍOS,,,1,Red Chile,,,,,,https://redchile.org/
CE7RVF-L,Red Chile - Puerto Varas,Puerto Varas,,-41.3166667,-72.9833333,,,VHF/FM,146.430,146.430,,REGIÓN DE LOS LAGOS,,,1,Red Chile,,,,,,https://redchile.org/
CD7LVC-L,Red Chile - Castro Chiloé,Castro Chiloé,,-42.4666667,-73.8,,,VHF/FM,146.420,146.420,,REGIÓN DE LOS LAGOS,,,1,Red Chile,,,,,,https://redchile.org/
CE7DNN-L,Red Chile - Tenaun Chiloé,Tenaun Chiloé,,-42.3666667,-73.7,,,VHF/FM,146.500,146.500,,REGIÓN DE LOS LAGOS,,,1,Red Chile,,,,,,https://redchile.org/
CE7DE-L,Red Chile - Queilen Chiloé,Queilen Chiloé,,-42.8666667,-73.4666667,,,VHF/FM,147.500,147.500,,REGIÓN DE LOS LAGOS,,,1,Red Chile,,,,,,https://redchile.org/
CE7VP-L,Red Chile - Quellón Chiloé,Quellón Chiloé,,-43.1,-73.6,,,VHF/FM,146.420,146.420,,REGIÓN DE LOS LAGOS,,,1,Red Chile,,,,,,https://redchile.org/
CA7VHX-L,Red Chile - Ancud Chiloé,Ancud Chiloé,,-41.8666667,-73.8333333,,,VHF/FM,146.580,146.580,67,REGIÓN DE LOS LAGOS,,,1,Red Chile,,,,,,https://redchile.org/
CE8CAU-L,Red Chile - Punta Arenas,Punta Arenas,,-53.1669444,-70.9336111,,,VHF/FM,147.800,147.800,,REGIÓN DE MAGALLANES Y DE LA ANTÁRTICA CHILENA,,,1,Red Chile,,,,,,https://redchile.org/
CE8RJN-L,Red Chile - Puerto Porvenir,Puerto Porvenir,,-53.3,-70.3666667,,,VHF/FM,147.540,147.540,,REGIÓN DE MAGALLANES Y DE LA ANTÁRTICA CHILENA,,,1,Red Chile,,,,,,https://redchile.org/
CA7TWY-L,Red Echolink Chile - Puerto Montt,Puerto Montt,,-41.4666667,-72.9333333,,,VHF/FM,146.550,146.550,,REGIÓN DE LOS LAGOS,,,1,Red Echolink Chile,,,,,,https://echolinkchile.cl/
CE4VYB-L,Red Echolink Chile - Chillán,Chillán,,-36.6,-72.1166667,,,VHF/FM,147.440,147.440,,REGIÓN DE NUBLE,,,1,Red Echolink Chile,,,,,,https://echolinkchile.cl/
CE4TAG-L,Red Echolink Chile - San Francisco de Mostazal,San Francisco de Mostazal,,-33.9833333,-70.7,,,VHF/FM,146.460,146.460,,REGIÓN DEL LIBERTADOR GENERAL BERNARDO O'HIGGINS,,,1,Red Echolink Chile,,,,,,https://echolinkchile.cl/
CA4JNU-L,Red Echolink Chile - Empedrado,Empedrado,,-35.6,-72.2833333,,,VHF/FM,146.210,146.210,,REGIÓN DEL MAULE,,,1,Red Echolink Chile,,,,,,https://echolinkchile.cl/
CE3EDQ-L,Red Echolink Chile - Santiago,Santiago,,-33.45,-70.6666667,,,VHF/FM,147.740,147.740,,REGIÓN METROPOLITANA DE SANTIAGO,,,1,Red Echolink Chile,,,,,,https://echolinkchile.cl/
CE6RLA-L,Red Echolink Chile - Temuco,Temuco,,-38.75,-72.6666667,,,VHF/FM,147.560,147.560,203.5,REGIÓN DE LA ARAUCANÍA,,,1,Red Echolink Chile,,,,,,https://echolinkchile.cl/
CA6ELP-L,RCDR - Valdivia,Valdivia,,-39.8,-73.2333333,,,VHF/FM,145.430,145.430,,REGIÓN DE LOS RÍOS,,,1,RCDR,,,,,,https://www.rcdr.cl/
CA4JPX-L,RCDR - Nueva Imperial,Nueva Imperial,,-38.7333333,-72.95,,,VHF/FM,145.430,145.430,,REGIÓN DE LA ARAUCANÍA,,,1,RCDR,,,,,,https://www.rcdr.cl/
CA2VCR-L,RCDR - La Serena,La Serena,,-29.9,-71.25,,,VHF/FM,145.430,145.430,,REGIÓN DE COQUIMBO,,,1,RCDR,,,,,,https://www.rcdr.cl/
CA2LNQ-L,RCDR - Los Andes,Los Andes,,-32.8166667,-70.6166667,,,VHF/FM,145.430,145.430,,REGIÓN DE VALPARAÍSO,,,1,RCDR,,,,,,https://www.rcdr.cl/
CE4MOW-L,RCDR - Santa Cruz,Santa Cruz,,-34.6333333,-71.3666667,,,VHF/FM,145.430,145.430,77.0,REGIÓN DEL LIBERTADOR GENERAL BERNARDO O'HIGGINS,,,1,RCDR,,,,,,https://www.rcdr.cl/
CA4SVL-L,RCDR - Rauco,Rauco,,-34.9333333,-71.3166667,,,VHF/FM,145.430,145.430,,REGIÓN DEL LIBERTADOR GENERAL BERNARDO O'HIGGINS,,,1,RCDR,,,,,,https://www.rcdr.cl/
CA3VNX-L,RCDR - El Monte,El Monte,,-33.6833333,-71.0166667,,,VHF/FM,145.530,145.530,,REGIÓN METROPOLITANA DE SANTIAGO,,,1,RCDR,,,,,,https://www.rcdr.cl/
CD6AWE-L,RCDR - Futrono,Futrono,,-40.1333333,-72.4,,,VHF/FM,145.430,145.430,,REGIÓN DE LOS RÍOS,,,1,RCDR,,,,,,https://www.rcdr.cl/
CE3HKG-L,RCDR - Peñalolén,Peñalolén,,-33.4833333,-70.5333333,,,VHF/FM,145.430,145.430,77.0,REGIÓN METROPOLITANA DE SANTIAGO,,,1,RCDR,,,,,,https://www.rcdr.cl/
CD5ILA-L,RCDR - Chiguayante,Chiguayante,,-36.9166667,-73.0166667,,,VHF/FM,145.500,145.500,,REGIÓN DEL BIOBÍO,,,1,RCDR,,,,,,https://www.rcdr.cl/
CE5HRJ-L,RCDR - Penco,Penco,,-36.7333333,-72.9833333,,,VHF/FM,145.430,145.430,77.0,REGIÓN DEL BIOBÍO,,,1,RCDR,,,,,,https://www.rcdr.cl/
CE3KGB-L,San Jose de Maipo,San Jose de Maipo,,-33.6333333,-70.3666667,,,VHF/FM,147.900,147.900,88.5,REGIÓN METROPOLITANA DE SANTIAGO,,,1,Sistema Interconectado CE2RPE,,,,,,https://www.qrz.com/db/CE2RPE
CE3KGB-L,RCDR - San Jose de Maipo,San Jose de Maipo,,-33.6333333,-70.3666667,,,VHF/FM,145.630,145.630,,REGIÓN METROPOLITANA DE SANTIAGO,,,1,RCDR,,,,,,https://www.rcdr.cl/
CE4LAB-L,RCDR - San Joaquin,San Joaquin,,-33.5,-70.6166667,,,UHF/FM,433.430,433.430,,REGIÓN METROPOLITANA DE SANTIAGO,,,1,RCDR,,,,,,https://www.rcdr.cl/
CE5RPP-R,Conferencia Sur - Penco,Penco,,-36.7408,-72.9953,,,VHF/FM,146.940,146.340,88.5,REGIÓN DEL BIOBÍO,,,1,SUR,,,,,,https://conferenciasur.cl/
CE4LY-R,Conferencia Sur - Talca,Talca,,-35.4433333,-71.6780555556,,,VHF/FM,146.380,146.980,67,REGIÓN DEL MAULE,,,1,SUR,,,,,,https://conferenciasur.cl/
CA5EHC-L,Conferencia Sur - Coronel,Coronel,,-36.9555555556,-73.1208333333,,,VHF/FM,145.550,145.550,67,REGIÓN DEL BIOBÍO,,,1,SUR,,,,,,https://conferenciasur.cl/
CE5VKK-L,Conferencia Sur - Concepción,Concepción,,-36.8269,-73.0503,,,VHF/FM,147.500,147.500,123,REGIÓN DEL BIOBÍO,,,1,SUR,,,,,,https://conferenciasur.cl/
CA1ILI-L,Conferencia Sur - Iquique,Iquique,,-20.2166667,-70.1666667,,,UHF/FM,439.200,439.200,136.5,REGIÓN DE TARAPACÁ,,,1,SUR,,,,,,https://conferenciasur.cl/
CE5UFR-L,Conferencia Sur - Puerto Montt,Puerto Montt,,-41.4688888889,-72.9630555556,,,VHF/FM,,,,REGIÓN DE LOS LAGOS,,,1,SUR,,,,,,https://conferenciasur.cl/
CA3HRS-L,Conferencia Sur - Cabrero,Cabrero,,-37.0333,-72.4,,,VHF/FM,145.550,145.550,67,REGIÓN DEL BIOBÍO,,,1,SUR,,,,,,https://conferenciasur.cl/
CA2RDP-L,Conferencia Sur - La Serena,La Serena,,-29.9388888889,-71.2233333333,,,VHF/FM,145.680,145.680,88.5,REGIÓN DE COQUIMBO,,,1,SUR,,,,,,https://conferenciasur.cl/
CE5UNI-L,Conferencia Sur - UdeC,Concepción,Universidad de Concepción,-36.83101365,-73.03468047,,,VHF/FM,220.100,224.980,88.5,REGIÓN DEL BIOBÍO,,,1,SUR,,,,,,https://conferenciasur.cl/
CE5NCR,Conferencia Sur - Chile centro,Cañete,,-37.7531805556,-73.3611666667,,,VHF/FM,146.750,146.150,100,REGIÓN DEL BIOBÍO,,,1,SUR,,,,,,https://conferenciasur.cl/
CE3RDV,RADIO CLUB VALLES DEL MAIPO,Buin,Centro urbano,-33.7333333333,-70.7333333333,,,VHF/FM,146.480,146.480,,REGIÓN METROPOLITANA DE SANTIAGO,,,,,,,,,,https://ce3rdv.cl/
CE3BIO,RADIO CLUB DEL BIOBIO,LOS ANGELES,LOS ANGELES CENTRO,-37.4697305556,-72.3536611111,,,VHF/FM,146.790,146.190,,REGIÓN DEL BIOBÍO,,,,,1,,1,1,,https://www.ce5bio.cl/
CE3SER-VHF,CE3SER — Simplex VHF (emergencias RC Chile),Santiago,Centro urbano,-33.45,-70.6666667,,,VHF/FM,146.520,146.520,,REGIÓN METROPOLITANA DE SANTIAGO,,,,,,,,,,https://www.ce3ser.cl/
CE3SER-UHF,CE3SER — Simplex UHF (emergencias RC Chile),Santiago,Centro urbano,-33.45,-70.6666667,,,UHF/FM,433.520,433.520,,REGIÓN METROPOLITANA DE SANTIAGO,,,,,,,,,,https://www.ce3ser.cl/
ZDMR Iquique,Zona DMR CL — Iquique,Iquique,Simplex VHF · CA1ILI,-20.2144,-70.1525,,,VHF/DMR,145.780,145.780,,REGIÓN DE TARAPACÁ,,,,Zona DMR CL,1,,1,2,730 7300444 7301,https://zonadmr.cl/nodos/
ZDMR Punitaqui,Zona DMR CL — Punitaqui,Punitaqui,Simplex VHF · CA2FHD,-30.7828,-71.2247,,,VHF/DMR,145.680,145.680,,REGIÓN DE COQUIMBO,,,,Zona DMR CL,1,,1,2,730 7300444,https://zonadmr.cl/nodos/
ZDMR Vicuña,Zona DMR CL — Vicuña,Vicuña,Simplex VHF · CE2DRB,-30.0319,-70.7081,,,VHF/DMR,145.650,145.650,,REGIÓN DE COQUIMBO,,,,Zona DMR CL,1,,1,2,730 7300444,https://zonadmr.cl/nodos/
ZDMR Isla Negra,Zona DMR CL — Isla Negra,Isla Negra,Simplex VHF · CE2JJF,-33.7889,-71.7028,,,VHF/DMR,144.600,144.600,,REGIÓN DE VALPARAÍSO,,,,Zona DMR CL,1,,1,2,730 7300444 7301,https://zonadmr.cl/nodos/
ZDMR Combarbalá,Zona DMR CL — Combarbalá,Combarbalá,Simplex VHF · CE2JDX,-31.1764,-70.9553,,,VHF/DMR,146.460,146.460,,REGIÓN DE COQUIMBO,,,,Zona DMR CL,1,,1,2,730 7300444,https://zonadmr.cl/nodos/
ZDMR La Serena,Zona DMR CL — La Serena,La Serena,Simplex UHF · CA2RDP,-29.9027,-71.2522,,,UHF/DMR,433.080,433.080,,REGIÓN DE COQUIMBO,,,,Zona DMR CL,1,,1,2,7300444,https://zonadmr.cl/nodos/
ZDMR Maipú,Zona DMR CL — Maipú,Maipú,UHF dúplex −5 MHz · CA3DPI,-33.5095,-70.7567,,,UHF/DMR,435.450,430.450,,REGIÓN METROPOLITANA DE SANTIAGO,,,,Zona DMR CL,1,,1,1,730 7300444,https://zonadmr.cl/nodos/
ZDMR Coronel,Zona DMR CL — Coronel,Coronel,Simplex VHF · CA5EHC,-37.0296,-73.1408,,,VHF/DMR,145.750,145.750,,REGIÓN DEL BIOBÍO,,,,Zona DMR CL,1,,1,2,730 7300444 7305,https://zonadmr.cl/nodos/
ZDMR Osorno,Zona DMR CL — Osorno,Osorno,Simplex VHF · CD6UMX,-40.5729,-73.1144,,,VHF/DMR,145.450,145.450,,REGIÓN DE LOS LAGOS,,,,Zona DMR CL,1,,1,2,730 7300444,https://zonadmr.cl/nodos/
ZDMR Punta Arenas,Zona DMR CL — Punta Arenas,Punta Arenas,Simplex VHF · CE8TDO,-53.1638,-70.9171,,,VHF/DMR,145.750,145.750,,REGIÓN DE MAGALLANES Y DE LA ANTÁRTICA CHILENA,,,,Zona DMR CL,1,,1,2,730 7300444,https://zonadmr.cl/nodos/
ZDMR Longavi,Zona DMR CL — Longavi,Longavi,Simplex VHF · CA4BRW,-35.9642,-71.6822,,,VHF/DMR,144.745,144.745,,REGIÓN DEL MAULE,,,,Zona DMR CL,1,,1,1 2,730 7300444,https://zonadmr.cl/nodos/
ZDMR Curicó,Zona DMR CL — Curicó,Curicó,VHF dúplex +600 kHz · CE4UJP,-34.9828,-71.2394,,,VHF/DMR,147.180,146.580,,REGIÓN DEL MAULE,,,,Zona DMR CL,1,,1,1 2,730 73004 730911 73099 7300444,https://zonadmr.cl/nodos/
NAC EMRG 121.5,Nacional — EMRG (Emergencia / Guard — internacional H24),Chile,Nacional,-33.45,-70.65,,,VHF/AM (ATC),121.500,,,ATC — NACIONAL (Chile),,,,,,1,,,,https://aipchile.dgac.gob.cl/
NAC TIBA 118.2,Nacional — TIBA (Aeródromos sin control — nacional),Chile,Nacional,-33.45,-70.65,,,VHF/AM (ATC),118.200,,,ATC — NACIONAL (Chile),,,,,,1,,,,https://aipchile.dgac.gob.cl/
NAC AFIS 126.7,Nacional — AFIS (Zona Norte — info vuelo),Chile,Nacional,-33.45,-70.65,,,VHF/AM (ATC),126.700,,,ATC — NACIONAL (Chile),,,,,,1,,,,https://aipchile.dgac.gob.cl/
NAC AFIS 127.7,Nacional — AFIS (Zona Sur — info vuelo / TIBA fuera de horario),Chile,Nacional,-33.45,-70.65,,,VHF/AM (ATC),127.700,,,ATC — NACIONAL (Chile),,,,,,1,,,,https://aipchile.dgac.gob.cl/
NAC ACC 127,Nacional — ACC (Santiago ACC Red Norte (Lat 28°30'S – 33°23'S)),Chile,Nacional,-33.45,-70.65,,,VHF/AM (ATC),127.000,,,ATC — NACIONAL (Chile),,,,,,1,,,,https://aipchile.dgac.gob.cl/
NAC ACC 127.5,Nacional — ACC (Santiago ACC Red Sur (Lat 33°23'S – 38°30'S)),Chile,Nacional,-33.45,-70.65,,,VHF/AM (ATC),127.500,,,ATC — NACIONAL (Chile),,,,,,1,,,,https://aipchile.dgac.gob.cl/
NAC INFO 122.4,Nacional — INFO (Santiago Info — VFR Sector Angostura),Chile,Nacional,-33.45,-70.65,,,VHF/AM (ATC),122.400,,,ATC — NACIONAL (Chile),,,,,,1,,,,https://aipchile.dgac.gob.cl/
NAC ACC 126.3,Nacional — ACC (Santiago ACC — general ruta),Chile,Nacional,-33.45,-70.65,,,VHF/AM (ATC),126.300,,,ATC — NACIONAL (Chile),,,,,,1,,,,https://aipchile.dgac.gob.cl/
NAC ACC 128.7,Nacional — ACC (Iquique ACC Sector Norte),Chile,Nacional,-33.45,-70.65,,,VHF/AM (ATC),128.700,,,ATC — NACIONAL (Chile),,,,,,1,,,,https://aipchile.dgac.gob.cl/
NAC ACC 120.1,Nacional — ACC (Puerto Montt ACC),Chile,Nacional,-33.45,-70.65,,,VHF/AM (ATC),120.100,,,ATC — NACIONAL (Chile),,,,,,1,,,,https://aipchile.dgac.gob.cl/
NAC ACC 128.3,Nacional — ACC (Puerto Montt ACC (alternativo)),Chile,Nacional,-33.45,-70.65,,,VHF/AM (ATC),128.300,,,ATC — NACIONAL (Chile),,,,,,1,,,,https://aipchile.dgac.gob.cl/
NAC APP 123.1,Nacional — APP (Puerto Montt Radar (alternativo)),Chile,Nacional,-33.45,-70.65,,,VHF/AM (ATC),123.100,,,ATC — NACIONAL (Chile),,,,,,1,,,,https://aipchile.dgac.gob.cl/
SCAR TWR 118.5,Aeropuerto Chacalluta — TWR (Arica Torre),Arica,Aeropuerto Chacalluta,-18.3486,-70.3381,,,VHF/AM (ATC),118.500,,,REGIÓN DE ARICA Y PARINACOTA,,,,,,1,,,,https://aipchile.dgac.gob.cl/
SCAR GND 121.9,Aeropuerto Chacalluta — GND (Control Terrestre),Arica,Aeropuerto Chacalluta,-18.3486,-70.3381,,,VHF/AM (ATC),121.900,,,REGIÓN DE ARICA Y PARINACOTA,,,,,,1,,,,https://aipchile.dgac.gob.cl/
SCAR APP 119.9,Aeropuerto Chacalluta — APP (Arica Aproximación),Arica,Aeropuerto Chacalluta,-18.3486,-70.3381,,,VHF/AM (ATC),119.900,,,REGIÓN DE ARICA Y PARINACOTA,,,,,,1,,,,https://aipchile.dgac.gob.cl/
SCDA TWR 118.9,Aeropuerto Diego Aracena — TWR (Iquique Torre),Iquique,Aeropuerto Diego Aracena,-20.5352,-70.1813,,,VHF/AM (ATC),118.900,,,REGIÓN DE TARAPACÁ,,,,,,1,,,,https://aipchile.dgac.gob.cl/
SCDA GND 121.7,Aeropuerto Diego Aracena — GND (Control Terrestre),Iquique,Aeropuerto Diego Aracena,-20.5352,-70.1813,,,VHF/AM (ATC),121.700,,,REGIÓN DE TARAPACÁ,,,,,,1,,,,https://aipchile.dgac.gob.cl/
SCDA APP 120.3,Aeropuerto Diego Aracena — APP (Iquique Radar (Primario)),Iquique,Aeropuerto Diego Aracena,-20.5352,-70.1813,,,VHF/AM (ATC),120.300,,,REGIÓN DE TARAPACÁ,,,,,,1,,,,https://aipchile.dgac.gob.cl/
SCDA APP 128.3,Aeropuerto Diego Aracena — APP (Iquique Radar (Secundario)),Iquique,Aeropuerto Diego Aracena,-20.5352,-70.1813,,,VHF/AM (ATC),128.300,,,REGIÓN DE TARAPACÁ,,,,,,1,,,,https://aipchile.dgac.gob.cl/
SCFA TWR 118.1,Aeropuerto Andrés Sabella — TWR (Antofagasta Torre),Antofagasta,Aeropuerto Andrés Sabella,-23.4445,-70.4451,,,VHF/AM (ATC),118.100,,,REGIÓN DE ANTOFAGASTA,,,,,,1,,,,https://aipchile.dgac.gob.cl/
SCFA GND 121.9,Aeropuerto Andrés Sabella — GND (Control Terrestre),Antofagasta,Aeropuerto Andrés Sabella,-23.4445,-70.4451,,,VHF/AM (ATC),121.900,,,REGIÓN DE ANTOFAGASTA,,,,,,1,,,,https://aipchile.dgac.gob.cl/
SCAT TWR 118.3,Aeropuerto Desierto de Atacama — TWR (Atacama Torre),Copiapó,Aeropuerto Desierto de Atacama,-27.2612,-70.7794,,,VHF/AM (ATC),118.300,,,REGIÓN DE ATACAMA,,,,,,1,,,,https://aipchile.dgac.gob.cl/
SCAT APP 120.3,Aeropuerto Desierto de Atacama — APP (Aproximación vía Iquique Radar),Copiapó,Aeropuerto Desierto de Atacama,-27.2612,-70.7794,,,VHF/AM (ATC),120.300,,,REGIÓN DE ATACAMA,,,,,,1,,,,https://aipchile.dgac.gob.cl/
SCSE TWR 129.4,Aeropuerto La Florida — TWR (La Serena Torre),La Serena,Aeropuerto La Florida,-29.9162,-71.1995,,,VHF/AM (ATC),129.400,,,REGIÓN DE COQUIMBO,,,,,,1,,,,https://aipchile.dgac.gob.cl/
SCSE GND 121.9,Aeropuerto La Florida — GND (Control Terrestre (equipo emergencia — cobertura limitada)),La Serena,Aeropuerto La Florida,-29.9162,-71.1995,,,VHF/AM (ATC),121.900,,,REGIÓN DE COQUIMBO,,,,,,1,,,,https://aipchile.dgac.gob.cl/
SCIP TWR 118.1,Aeropuerto Mataveri — TWR (Pascua Torre),Isla de Pascua,Aeropuerto Mataveri,-27.1648,-109.4218,,,VHF/AM (ATC),118.100,,,REGIÓN DE VALPARAÍSO,,,,,,1,,,,https://aipchile.dgac.gob.cl/
SCIP GND 121.9,Aeropuerto Mataveri — GND (Control Terrestre),Isla de Pascua,Aeropuerto Mataveri,-27.1648,-109.4218,,,VHF/AM (ATC),121.900,,,REGIÓN DE VALPARAÍSO,,,,,,1,,,,https://aipchile.dgac.gob.cl/
SCIP EMRG 121.5,Aeropuerto Mataveri — EMRG (Emergencia),Isla de Pascua,Aeropuerto Mataveri,-27.1648,-109.4218,,,VHF/AM (ATC),121.500,,,REGIÓN DE VALPARAÍSO,,,,,,1,,,,https://aipchile.dgac.gob.cl/
SCIP APP 127.3,Aeropuerto Mataveri — APP (Pascua Aproximación (radio 120 NM)),Isla de Pascua,Aeropuerto Mataveri,-27.1648,-109.4218,,,VHF/AM (ATC),127.300,,,REGIÓN DE VALPARAÍSO,,,,,,1,,,,https://aipchile.dgac.gob.cl/
SCVM TWR 118.9,Base Aeronaval Torquemada — TWR (Torre Viña del Mar),Viña del Mar,Base Aeronaval Torquemada,-33.0658,-71.5564,,,VHF/AM (ATC),118.900,,,REGIÓN DE VALPARAÍSO,,,,,,1,,,,https://aipchile.dgac.gob.cl/
SCVM APP 129.3,Base Aeronaval Torquemada — APP (CDN Viña del Mar Aproximación),Viña del Mar,Base Aeronaval Torquemada,-33.0658,-71.5564,,,VHF/AM (ATC),129.300,,,REGIÓN DE VALPARAÍSO,,,,,,1,,,,https://aipchile.dgac.gob.cl/
SCEL TWR 118.1,Aeropuerto Arturo Merino Benítez — TWR (Santiago Torre (principal)),Santiago,Aeropuerto Arturo Merino Benítez,-33.3928,-70.7856,,,VHF/AM (ATC),118.100,,,REGIÓN METROPOLITANA DE SANTIAGO,,,,,,1,,,,https://aipchile.dgac.gob.cl/
SCEL TWR 118.35,Aeropuerto Arturo Merino Benítez — TWR (Santiago Torre (alternativo)),Santiago,Aeropuerto Arturo Merino Benítez,-33.3928,-70.7856,,,VHF/AM (ATC),118.350,,,REGIÓN METROPOLITANA DE SANTIAGO,,,,,,1,,,,https://aipchile.dgac.gob.cl/
SCEL GND 122.2,Aeropuerto Arturo Merino Benítez — GND (Control Terrestre Este),Santiago,Aeropuerto Arturo Merino Benítez,-33.3928,-70.7856,,,VHF/AM (ATC),122.200,,,REGIÓN METROPOLITANA DE SANTIAGO,,,,,,1,,,,https://aipchile.dgac.gob.cl/
SCEL GND 122.5,Aeropuerto Arturo Merino Benítez — GND (Control Terrestre Oeste),Santiago,Aeropuerto Arturo Merino Benítez,-33.3928,-70.7856,,,VHF/AM (ATC),122.500,,,REGIÓN METROPOLITANA DE SANTIAGO,,,,,,1,,,,https://aipchile.dgac.gob.cl/
SCEL GND 122.6,Aeropuerto Arturo Merino Benítez — GND (Control Terrestre (alternativo)),Santiago,Aeropuerto Arturo Merino Benítez,-33.3928,-70.7856,,,VHF/AM (ATC),122.600,,,REGIÓN METROPOLITANA DE SANTIAGO,,,,,,1,,,,https://aipchile.dgac.gob.cl/
SCEL CLD 121.7,Aeropuerto Arturo Merino Benítez — CLD (Clearance Delivery),Santiago,Aeropuerto Arturo Merino Benítez,-33.3928,-70.7856,,,VHF/AM (ATC),121.700,,,REGIÓN METROPOLITANA DE SANTIAGO,,,,,,1,,,,https://aipchile.dgac.gob.cl/
SCEL APP 119.7,Aeropuerto Arturo Merino Benítez — APP (Santiago Radar llegadas),Santiago,Aeropuerto Arturo Merino Benítez,-33.3928,-70.7856,,,VHF/AM (ATC),119.700,,,REGIÓN METROPOLITANA DE SANTIAGO,,,,,,1,,,,https://aipchile.dgac.gob.cl/
SCEL APP 129.7,Aeropuerto Arturo Merino Benítez — APP (Santiago Radar salidas),Santiago,Aeropuerto Arturo Merino Benítez,-33.3928,-70.7856,,,VHF/AM (ATC),129.700,,,REGIÓN METROPOLITANA DE SANTIAGO,,,,,,1,,,,https://aipchile.dgac.gob.cl/
SCEL ATIS 132.1,Aeropuerto Arturo Merino Benítez — ATIS (Info Terminal Llegadas (H24)),Santiago,Aeropuerto Arturo Merino Benítez,-33.3928,-70.7856,,,VHF/AM (ATC),132.100,,,REGIÓN METROPOLITANA DE SANTIAGO,,,,,,1,,,,https://aipchile.dgac.gob.cl/
SCEL ATIS 132.7,Aeropuerto Arturo Merino Benítez — ATIS (Info Terminal Salidas (H24)),Santiago,Aeropuerto Arturo Merino Benítez,-33.3928,-70.7856,,,VHF/AM (ATC),132.700,,,REGIÓN METROPOLITANA DE SANTIAGO,,,,,,1,,,,https://aipchile.dgac.gob.cl/
SCTB TWR 132.45,Aeródromo Eulogio Sánchez (Tobalaba) — TWR (Tobalaba Torre),Santiago,Aeródromo Eulogio Sánchez (Tobalaba),-33.4561,-70.5711,,,VHF/AM (ATC),132.450,,,REGIÓN METROPOLITANA DE SANTIAGO,,,,,,1,,,,https://aipchile.dgac.gob.cl/
SCTB GND 118.7,Aeródromo Eulogio Sánchez (Tobalaba) — GND (Control Terrestre),Santiago,Aeródromo Eulogio Sánchez (Tobalaba),-33.4561,-70.5711,,,VHF/AM (ATC),118.700,,,REGIÓN METROPOLITANA DE SANTIAGO,,,,,,1,,,,https://aipchile.dgac.gob.cl/
SCVT TIBA 133.1,Aeródromo Vitacura — TIBA (Irradiar posición e intenciones),Santiago,Aeródromo Vitacura,-33.3897,-70.5748,,,VHF/AM (ATC),133.100,,,REGIÓN METROPOLITANA DE SANTIAGO,,,,,,1,,,,https://aipchile.dgac.gob.cl/
SCRG TWR 126.65,Aeródromo de la Independencia — TWR (Rancagua Torre),Rancagua,Aeródromo de la Independencia,-34.1733,-70.7758,,,VHF/AM (ATC),126.650,,,REGIÓN DEL LIBERTADOR GENERAL BERNARDO O'HIGGINS,,,,,,1,,,,https://aipchile.dgac.gob.cl/
SCTL AFIS 127.7,Aeródromo Panguilemo — AFIS (AFIS Sur (info vuelo zona)),Talca,Aeródromo Panguilemo,-35.3778,-71.6009,,,VHF/AM (ATC),127.700,,,REGIÓN DEL MAULE,,,,,,1,,,,https://aipchile.dgac.gob.cl/
SCIE TWR 118.6,Aeropuerto Carriel Sur — TWR (Concepción Torre),Concepción,Aeropuerto Carriel Sur,-36.7726,-73.0511,,,VHF/AM (ATC),118.600,,,REGIÓN DEL BIOBÍO,,,,,,1,,,,https://aipchile.dgac.gob.cl/
SCIE GND 121.9,Aeropuerto Carriel Sur — GND (Control Terrestre),Concepción,Aeropuerto Carriel Sur,-36.7726,-73.0511,,,VHF/AM (ATC),121.900,,,REGIÓN DEL BIOBÍO,,,,,,1,,,,https://aipchile.dgac.gob.cl/
SCIE APP 129.35,Aeropuerto Carriel Sur — APP (Concepción Aproximación),Concepción,Aeropuerto Carriel Sur,-36.7726,-73.0511,,,VHF/AM (ATC),129.350,,,REGIÓN DEL BIOBÍO,,,,,,1,,,,https://aipchile.dgac.gob.cl/
SCCH AFIS 127.7,Aeródromo Bernardo O'Higgins — AFIS (AFIS Sur (info vuelo zona)),Chillán,Aeródromo Bernardo O'Higgins,-36.5825,-72.0306,,,VHF/AM (ATC),127.700,,,REGIÓN DEL BIOBÍO,,,,,,1,,,,https://aipchile.dgac.gob.cl/
SCQP TWR 126.65,Aeropuerto La Araucanía — TWR (La Araucanía Torre),Temuco,Aeropuerto La Araucanía,-38.7669,-72.6371,,,VHF/AM (ATC),126.650,,,REGIÓN DE LA ARAUCANÍA,,,,,,1,,,,https://aipchile.dgac.gob.cl/
SCQP APP 119.2,Aeropuerto La Araucanía — APP (Temuco Radar (primario)),Temuco,Aeropuerto La Araucanía,-38.7669,-72.6371,,,VHF/AM (ATC),119.200,,,REGIÓN DE LA ARAUCANÍA,,,,,,1,,,,https://aipchile.dgac.gob.cl/
SCQP APP 128.7,Aeropuerto La Araucanía — APP (Temuco Radar (secundario)),Temuco,Aeropuerto La Araucanía,-38.7669,-72.6371,,,VHF/AM (ATC),128.700,,,REGIÓN DE LA ARAUCANÍA,,,,,,1,,,,https://aipchile.dgac.gob.cl/
SCVD TWR 118.3,Aeródromo Pichoy — TWR (Valdivia Torre (cobertura limitada)),Valdivia,Aeródromo Pichoy,-39.6499,-73.0861,,,VHF/AM (ATC),118.300,,,REGIÓN DE LOS RÍOS,,,,,,1,,,,https://aipchile.dgac.gob.cl/
SCVD APP 119.2,Aeródromo Pichoy — APP (Temuco Radar (alternativo)),Valdivia,Aeródromo Pichoy,-39.6499,-73.0861,,,VHF/AM (ATC),119.200,,,REGIÓN DE LOS RÍOS,,,,,,1,,,,https://aipchile.dgac.gob.cl/
SCVD TIBA 127.7,Aeródromo Pichoy — TIBA (TIBA fuera de horario TWR),Valdivia,Aeródromo Pichoy,-39.6499,-73.0861,,,VHF/AM (ATC),127.700,,,REGIÓN DE LOS RÍOS,,,,,,1,,,,https://aipchile.dgac.gob.cl/
SCTE TWR 118.4,Aeropuerto El Tepual — TWR (Chiloé Torre),Puerto Montt,Aeropuerto El Tepual,-41.4389,-73.0939,,,VHF/AM (ATC),118.400,,,REGIÓN DE LOS LAGOS,,,,,,1,,,,https://aipchile.dgac.gob.cl/
SCTE APP 121.3,Aeropuerto El Tepual — APP (Puerto Montt Radar),Puerto Montt,Aeropuerto El Tepual,-41.4389,-73.0939,,,VHF/AM (ATC),121.300,,,REGIÓN DE LOS LAGOS,,,,,,1,,,,https://aipchile.dgac.gob.cl/
SCTE ACC 120.1,Aeropuerto El Tepual — ACC (Puerto Montt ACC),Puerto Montt,Aeropuerto El Tepual,-41.4389,-73.0939,,,VHF/AM (ATC),120.100,,,REGIÓN DE LOS LAGOS,,,,,,1,,,,https://aipchile.dgac.gob.cl/
SCTE ACC 128.3,Aeropuerto El Tepual — ACC (Puerto Montt ACC (alternativo)),Puerto Montt,Aeropuerto El Tepual,-41.4389,-73.0939,,,VHF/AM (ATC),128.300,,,REGIÓN DE LOS LAGOS,,,,,,1,,,,https://aipchile.dgac.gob.cl/
SCTE APP 123.1,Aeropuerto El Tepual — APP (Puerto Montt Radar (alternativo)),Puerto Montt,Aeropuerto El Tepual,-41.4389,-73.0939,,,VHF/AM (ATC),123.100,,,REGIÓN DE LOS LAGOS,,,,,,1,,,,https://aipchile.dgac.gob.cl/
SCJO AFIS 127.7,Aeródromo Cañal Bajo — AFIS (AFIS Sur (info vuelo zona)),Osorno,Aeródromo Cañal Bajo,-40.7782,-73.0608,,,VHF/AM (ATC),127.700,,,REGIÓN DE LOS LAGOS,,,,,,1,,,,https://aipchile.dgac.gob.cl/
SCPQ TWR 118.4,Aeródromo Mocopulli — TWR (Chiloé Torre (compartida con SCTE)),Castro,Aeródromo Mocopulli,-42.3403,-73.7156,,,VHF/AM (ATC),118.400,,,REGIÓN DE LOS LAGOS,,,,,,1,,,,https://aipchile.dgac.gob.cl/
SCPQ TIBA 118.9,Aeródromo Mocopulli — TIBA (Irradiar posición en ATZ fuera de horario),Castro,Aeródromo Mocopulli,-42.3403,-73.7156,,,VHF/AM (ATC),118.900,,,REGIÓN DE LOS LAGOS,,,,,,1,,,,https://aipchile.dgac.gob.cl/
SCBA TIBA 118.9,Aeropuerto Balmaceda — TIBA (Irradiar posición en ATZ),Balmaceda,Aeropuerto Balmaceda,-45.9164,-71.6925,,,VHF/AM (ATC),118.900,,,REGIÓN DE AYSÉN DEL GENERAL CARLOS IBÁÑEZ DEL CAMPO,,,,,,1,,,,https://aipchile.dgac.gob.cl/
SCBA AFIS 127.7,Aeropuerto Balmaceda — AFIS (AFIS Sur (info vuelo zona)),Balmaceda,Aeropuerto Balmaceda,-45.9164,-71.6925,,,VHF/AM (ATC),127.700,,,REGIÓN DE AYSÉN DEL GENERAL CARLOS IBÁÑEZ DEL CAMPO,,,,,,1,,,,https://aipchile.dgac.gob.cl/
SCCI TWR 118.7,Aeropuerto Presidente Carlos Ibáñez del Campo — TWR (Punta Arenas Torre (H24)),Punta Arenas,Aeropuerto Presidente Carlos Ibáñez del Campo,-53.0026,-70.8546,,,VHF/AM (ATC),118.700,,,REGIÓN DE MAGALLANES Y DE LA ANTÁRTICA CHILENA,,,,,,1,,,,https://aipchile.dgac.gob.cl/
SCCI GND 121.9,Aeropuerto Presidente Carlos Ibáñez del Campo — GND (Control Terrestre (H24)),Punta Arenas,Aeropuerto Presidente Carlos Ibáñez del Campo,-53.0026,-70.8546,,,VHF/AM (ATC),121.900,,,REGIÓN DE MAGALLANES Y DE LA ANTÁRTICA CHILENA,,,,,,1,,,,https://aipchile.dgac.gob.cl/
SCCI APP 123.9,Aeropuerto Presidente Carlos Ibáñez del Campo — APP (Punta Arenas Centro (Primario)),Punta Arenas,Aeropuerto Presidente Carlos Ibáñez del Campo,-53.0026,-70.8546,,,VHF/AM (ATC),123.900,,,REGIÓN DE MAGALLANES Y DE LA ANTÁRTICA CHILENA,,,,,,1,,,,https://aipchile.dgac.gob.cl/
SCCI APP 128.1,Aeropuerto Presidente Carlos Ibáñez del Campo — APP (Punta Arenas Centro (Secundario)),Punta Arenas,Aeropuerto Presidente Carlos Ibáñez del Campo,-53.0026,-70.8546,,,VHF/AM (ATC),128.100,,,REGIÓN DE MAGALLANES Y DE LA ANTÁRTICA CHILENA,,,,,,1,,,,https://aipchile.dgac.gob.cl/
CE2RPE,Sistema Interconectado CE2RPE - RPT Norte,COQUIMBO,,-29.9902777778,-71.2652777778,,,VHF/FM,145.300,144.700,71.9,REGIÓN DE COQUIMBO,,,1,Sistema Interconectado CE2RPE,,,,,,https://www.qrz.com/db/CE2RPE
CE2RPE,Sistema Interconectado CE2RPE - RPT Panul,COQUIMBO,,-30.0277777778,-71.3602777778,,,VHF/FM,146.700,146.100,71.9,REGIÓN DE COQUIMBO,,,1,Sistema Interconectado CE2RPE,,,,,,https://www.qrz.com/db/CE2RPE
CE2CZJ,Sistema Interconectado CE2RPE - Nodo Coquimbo,COQUIMBO,,-29.9533,-71.3436,,,VHF/FM,145.100,145.100,,REGIÓN DE COQUIMBO,,,1,Sistema Interconectado CE2RPE,,,,,,https://www.qrz.com/db/CE2RPE
CE2DRB,Sistema Interconectado CE2RPE - Nodo Vicuña,VICUÑA,,-30.0377777778,-70.7013888889,,,VHF/FM,145.050,145.050,71.9,REGIÓN DE COQUIMBO,,,1,Sistema Interconectado CE2RPE,,,,,,https://www.qrz.com/db/CE2RPE
CE1CCX,Sistema Interconectado CE2RPE - Nodo Copiapó,COPIAPÓ,,-27.4065358333,-70.3999961111,,,VHF/FM,145.100,145.100,,REGIÓN DE ATACAMA,,,1,Sistema Interconectado CE2RPE,,,,,,https://www.qrz.com/db/CE2RPE
CA1FOB,Sistema Interconectado CE2RPE - Nodo Vallenar,VALLENAR,,-28.5708333333,-70.7580555556,,,VHF/FM,145.100,145.100,,REGIÓN DE ATACAMA,,,1,Sistema Interconectado CE2RPE,,,,,,https://www.qrz.com/db/CE2RPE
CA2ICV,Sistema Interconectado CE2RPE - Nodo Valparaíso,VALPARAÍSO,,-33.0458333333,-71.6197222222,,,VHF/FM,145.050,145.050,71.9,REGIÓN DE VALPARAÍSO,,,1,Sistema Interconectado CE2RPE,,,,,,https://www.qrz.com/db/CE2RPE
CE2BIS,Sistema Interconectado CE2RPE - RPT Salamanca,SALAMANCA,,-31.7794444444,-70.9675000000,,,VHF/FM,147.240,147.840,,REGIÓN DE COQUIMBO,,,1,Sistema Interconectado CE2RPE,,,,,,https://www.qrz.com/db/CE2RPE
CA3MZU,Sistema Interconectado CE2RPE - Nodo Maipú,MAIPÚ,,-33.5111111111,-70.7663888889,,,VHF/FM,145.150,145.150,,REGIÓN METROPOLITANA DE SANTIAGO,,,1,Sistema Interconectado CE2RPE,,,,,,https://www.qrz.com/db/CE2RPE
CA2DKI,Sistema Interconectado CE2RPE - Nodo Las Condes 1,LAS CONDES,,-33.4130555556,-70.5172222222,,,VHF/FM,145.200,145.200,71.9,REGIÓN METROPOLITANA DE SANTIAGO,,,1,Sistema Interconectado CE2RPE,,,,,,https://www.qrz.com/db/CE2RPE
CE2WUI,Sistema Interconectado CE2RPE - Nodo Las Condes 2,LAS CONDES,,-33.4130555556,-70.5172222222,,,VHF/FM,145.100,145.100,,REGIÓN METROPOLITANA DE SANTIAGO,,,1,Sistema Interconectado CE2RPE,,,,,,https://www.qrz.com/db/CE2RPE
CE2SQV,Sistema Interconectado CE2RPE - Nodo Ovalle,OVALLE,,-30.5980555556,-71.1888888889,,,VHF/FM,145.100,145.100,,REGIÓN DE COQUIMBO,,,1,Sistema Interconectado CE2RPE,,,,,,https://www.qrz.com/db/CE2RPE
CE3HOV,Sistema Interconectado CE2RPE - Nodo Colina,COLINA,,-33.0765027778,-70.6737,,,VHF/FM,145.050,145.050,,REGIÓN METROPOLITANA DE SANTIAGO,,,1,Sistema Interconectado CE2RPE,,,,,,https://www.qrz.com/db/CE2RPE
CE3HOV,Sistema Interconectado CE2RPE - Nodo Algarrobo,ALGARROBO,,-33.3541666667,-71.6680555556,,,VHF/FM,145.050,145.050,,REGIÓN DE VALPARAÍSO,,,1,Sistema Interconectado CE2RPE,,,,,,https://www.qrz.com/db/CE2RPE
CD2FYS,Sistema Interconectado CE2RPE - Nodo Tongoy,COQUIMBO,,-30.2547222222,-71.3963888889,,,VHF/FM,145.200,145.200,,REGIÓN DE COQUIMBO,,,1,Sistema Interconectado CE2RPE,,,,,,https://www.qrz.com/db/CE2RPE
CE2RZL,Sistema Interconectado CE2RPE - Nodo El Tabo,EL TABO,,-33.4572954,-71.6478833,,,VHF/FM,145.100,145.100,91.5,REGIÓN DE VALPARAÍSO,,,1,Sistema Interconectado CE2RPE,,,,,,https://www.qrz.com/db/CE2RPE
CE1WWG,Sistema Interconectado CE2RPE - Nodo asociado Arica,ARICA,,-18.4786111111,-70.3108333333,,,VHF/FM,147.480,147.480,233.6,REGIÓN DE ARICA Y PARINACOTA,,,1,Sistema Interconectado CE2RPE,,,,,,https://www.qrz.com/db/CE2RPE
CE1WWG,Sistema Interconectado CE2RPE - Nodo asociado Calama,CALAMA,,-22.4569444444,-68.9286111111,,,VHF/FM,147.480,147.480,233.6,REGIÓN DE ANTOFAGASTA,,,1,Sistema Interconectado CE2RPE,,,,,,https://www.qrz.com/db/CE2RPE
CE3RZL,Sistema Interconectado CE2RPE - Nodo asociado Santiago,SANTIAGO,,-33.4377777778,-70.6505555556,,,VHF/FM,145.500,144.900,91.5,REGIÓN METROPOLITANA DE SANTIAGO,,,1,Sistema Interconectado CE2RPE,,,,,,https://www.qrz.com/db/CE2RPE
